start_node,finish_node,lengthm,speed,st_astext,road_type,last_updated
2005992836,29474484,424.402144082788,94,"LINESTRING(32.4261035 39.7485299,32.421579 39.7469596)",trunk,2019-05-13 23:41:07.145+00
27047856,2381256509,36.1077482494592,78,"LINESTRING(32.5991821 39.8498643,32.5989194 39.8496098)",trunk,2019-05-13 23:41:08.215+00
29474467,3799593339,722.22341293283,71,"LINESTRING(32.5548778 39.811046,32.5486623 39.8066427)",trunk,2019-05-13 23:05:14.122+00
112364631,3439221826,297.116635493656,76,"LINESTRING(32.2421032 39.682212,32.2446803 39.6840026)",trunk,2019-05-14 00:28:20.655+00
2970275029,29474493,318.566544618525,92,"LINESTRING(32.32422 39.7191199,32.3205993 39.7184479)",trunk,2019-05-14 00:11:24.124+00
2381256504,29474467,61.6346729240565,71,"LINESTRING(32.5554118 39.8114188,32.5548778 39.811046)",trunk,2019-05-14 00:28:25.044+00
226169219,29474288,264.191482238462,86,"LINESTRING(32.7106913 39.9057283,32.7075989 39.905595)",trunk,2019-05-13 23:04:16.676+00
2186060849,27047879,639.224460327824,37,"LINESTRING(32.1569002 39.5815356,32.1503825 39.5787405)",trunk,2019-05-13 23:13:30.084+00
243775911,2189274320,194.912818209292,95,"LINESTRING(32.6219371 39.8604644,32.6198861 39.8596937)",trunk,2019-05-13 23:41:56.018+00
2204798522,29474459,236.226023638859,90,"LINESTRING(32.5875449 39.8382305,32.585863 39.8365437)",trunk,2019-05-13 23:41:56.628+00
3723941725,3723941726,33.2804703741042,87,"LINESTRING(32.4080117 39.7422032,32.408368 39.7423237)",trunk,2019-05-13 23:58:59.93+00
1388625632,2354783602,89.7162113649866,56,"LINESTRING(32.8413436 39.9156204,32.8403135 39.915784)",primary,2019-05-14 00:19:52.508+00
112371284,112371357,384.229699554759,89,"LINESTRING(32.5055615 39.7792305,32.5091732 39.7812887)",trunk,2019-05-14 00:39:51.654+00
4510939411,4510939414,15.9451706590935,59,"LINESTRING(32.6439177 39.8710767,32.6440541 39.8711747)",trunk,2019-05-14 00:20:42.896+00
2355882612,4420623573,152.600558356536,67,"LINESTRING(32.8029852 39.9099161,32.8047036 39.9102982)",trunk,2019-05-14 00:20:48.067+00
100035225,4872855507,80.4484183282559,60,"LINESTRING(32.80015 39.9095683,32.7992222 39.9094381)",trunk,2019-05-13 23:35:26.418+00
380974618,29474489,279.507419601674,53,"LINESTRING(32.350315 39.7238637,32.3471307 39.7232979)",trunk,2019-05-13 23:42:55.842+00
2389806699,2341629039,155.50352830182,82,"LINESTRING(32.6848651 39.8982831,32.6862744 39.8991701)",trunk,2019-05-14 00:38:44.371+00
2486055376,2389806716,70.0031650743941,74,"LINESTRING(32.683951 39.8977098,32.6845867 39.8981079)",trunk,2019-05-13 23:19:28.736+00
308856719,308856720,80.9086746906082,85,"LINESTRING(32.636755 39.866185,32.6375017 39.8666333)",trunk,2019-05-14 00:21:10.063+00
4754262478,404730047,12.1276519657196,74,"LINESTRING(32.8218266 39.914509,32.8216907 39.9144769)",primary,2019-05-14 00:02:02.613+00
112369370,112369506,590.991914003848,78,"LINESTRING(32.4342532 39.7511055,32.4405764 39.7532538)",trunk,2019-05-13 23:48:31.601+00
112365605,112365740,510.01469906085,100,"LINESTRING(32.2731498 39.7027705,32.2781815 39.7052305)",trunk,2019-05-13 22:58:18.513+00
2204798536,29474458,761.319422317141,86,"LINESTRING(32.5938581 39.8446901,32.5884427 39.8392506)",trunk,2019-05-13 23:43:59.065+00
112372136,2381256505,86.7279663199861,77,"LINESTRING(32.5368614 39.7981954,32.5376111 39.7987213)",trunk,2019-05-13 23:14:41.269+00
718670149,27046655,143.661062215462,92,"LINESTRING(32.7715303 39.9081518,32.7698478 39.9080923)",trunk,2019-05-13 23:28:18.66+00
2204798470,112374115,312.512610947736,80,"LINESTRING(32.5841468 39.8345504,32.5863525 39.8367932)",trunk,2019-05-13 23:40:27.746+00
29474502,2351271936,49.6864335971341,80,"LINESTRING(32.2690526 39.7008629,32.2686022 39.7005808)",trunk,2019-05-06 13:10:30.72+00
3557134026,2389806669,106.367203077722,78,"LINESTRING(32.6883033 39.9005677,32.6873212 39.8999783)",trunk,2019-05-13 23:22:41.254+00
2389806669,3557134123,304.180770742377,79,"LINESTRING(32.6873212 39.8999783,32.6845387 39.8982676)",trunk,2019-05-13 22:33:41.089+00
293950229,123588484,40.3042033756861,73,"LINESTRING(32.6980417 39.905175,32.6975769 39.9051098)",trunk,2019-05-13 23:52:09.196+00
5907074434,112227987,2.10346432616506,56,"LINESTRING(32.6436468 39.8711147,32.6436283 39.8711022)",trunk,2019-05-14 00:33:08.86+00
2189830516,29431523,168.57372747193,42,"LINESTRING(32.818176 39.9134756,32.8200593 39.9139357)",primary,2019-05-14 00:42:56.972+00
29474312,2272351637,324.468924424887,74,"LINESTRING(32.7253584 39.906105,32.7291541 39.9062974)",trunk,2019-05-13 22:57:23.901+00
112362526,112362557,184.782761327639,86,"LINESTRING(32.1939215 39.6269055,32.1948899 39.6283905)",trunk,2019-05-14 00:43:00.561+00
112368321,112368559,634.107557488712,86,"LINESTRING(32.3954765 39.7379405,32.4022731 39.7402221)",trunk,2019-05-14 00:43:01.148+00
29474501,29474502,500.977229016153,88,"LINESTRING(32.2739091 39.7033803,32.2690526 39.7008629)",trunk,2019-05-13 23:58:59.835+00
4754279538,4754279542,284.580256056577,74,"LINESTRING(32.8208598 39.9142874,32.8176745 39.9135252)",primary,2019-05-13 23:06:31.369+00
27046656,310043456,113.251174576287,69,"LINESTRING(32.7656191 39.9079208,32.7642914 39.9079114)",trunk,2019-05-13 22:58:47.143+00
27046632,4754239791,111.702899958104,53,"LINESTRING(32.835546 39.9162279,32.8342363 39.9162378)",primary,2019-05-14 00:43:06.598+00
309867963,27046656,156.790894376241,68,"LINESTRING(32.7674561 39.9079721,32.7656191 39.9079208)",trunk,2019-05-13 23:25:20.055+00
4813712986,4813712987,41.8863563653703,79,"LINESTRING(32.6697976 39.889029,32.6701747 39.8892702)",trunk,2019-05-14 00:31:15.846+00
112370116,112370188,287.271287913205,98,"LINESTRING(32.4621098 39.7604421,32.4653082 39.7612354)",trunk,2019-05-13 23:29:16.281+00
308843811,308843812,128.849036772999,51,"LINESTRING(32.1428217 39.5754417,32.1414283 39.5750067)",trunk,2019-05-06 12:05:04.971+00
2381256502,112372358,455.271246945473,90,"LINESTRING(32.5414296 39.8013335,32.5453198 39.804132)",trunk,2019-05-13 23:47:52.703+00
29474488,1914127272,129.076579472221,85,"LINESTRING(32.3518719 39.7241637,32.3504077 39.7238822)",trunk,2019-05-13 23:20:06.468+00
1914093397,1914093302,335.102396335962,94,"LINESTRING(32.5221009 39.7888853,32.5189505 39.7870904)",trunk,2019-05-14 00:41:20.751+00
29474494,27047867,704.030905867987,98,"LINESTRING(32.3194381 39.7182085,32.3114174 39.7167857)",trunk,2019-05-14 00:41:24.714+00
2354783623,2354783612,56.2562881702725,57,"LINESTRING(32.8385638 39.9159588,32.8392156 39.9158811)",primary,2019-05-14 00:41:25.118+00
27046654,718670149,143.319133499226,60,"LINESTRING(32.7732081 39.9082218,32.7715303 39.9081518)",trunk,2019-05-14 00:41:27.559+00
29474379,243775911,314.872636647522,89,"LINESTRING(32.6252587 39.8616964,32.6219371 39.8604644)",trunk,2019-05-14 00:00:52.278+00
4754279542,150546760,86.1676650261849,72,"LINESTRING(32.8176745 39.9135252,32.8167116 39.9132906)",trunk,2019-05-14 00:17:47.812+00
2491138748,164555462,19.201600570784,33,"LINESTRING(32.8441733 39.9151483,32.8439533 39.915185)",primary,2019-05-14 00:42:12.448+00
112374846,243775995,174.676892248597,92,"LINESTRING(32.617759 39.8587389,32.619599 39.8594265)",trunk,2019-05-13 23:50:01.196+00
2341629039,2358235511,72.4266659620163,82,"LINESTRING(32.6862744 39.8991701,32.6869338 39.8995804)",trunk,2019-05-13 23:50:03.176+00
112364447,112364483,175.597970249822,75,"LINESTRING(32.2368832 39.6775638,32.2380515 39.678862)",trunk,2019-05-13 23:50:08.495+00
1037720459,172994919,35.9738292750471,66,"LINESTRING(32.1616409 39.5834446,32.1620019 39.5836097)",trunk,2019-05-13 23:37:14.699+00
112371836,112371852,94.5704678461957,82,"LINESTRING(32.5266284 39.7913278,32.5274652 39.7918845)",trunk,2019-05-13 23:58:10.946+00
2389806679,288253817,80.8526727230623,89,"LINESTRING(32.6914752 39.9024577,32.6907202 39.9020181)",trunk,2019-05-14 00:06:33.986+00
62719584,29474313,409.356975661719,64,"LINESTRING(32.7145525 39.9056981,32.7193463 39.9058719)",trunk,2019-05-13 22:58:11.144+00
27046661,2355905375,426.959993827092,76,"LINESTRING(32.7451815 39.9071262,32.7401815 39.9069444)",trunk,2019-05-13 23:50:00.369+00
1499966818,29474461,37.9460532091184,97,"LINESTRING(32.5790505 39.8296793,32.5787409 39.8294345)",trunk,2019-05-13 23:24:05.747+00
112374512,112374548,251.001622181296,98,"LINESTRING(32.5980265 39.8484571,32.5998514 39.850227)",trunk,2019-05-13 23:46:13.38+00
2271280445,29431530,85.2504000152894,54,"LINESTRING(32.8314115 39.9160079,32.8324096 39.9160498)",primary,2019-05-13 23:20:54.736+00
2342959172,2382990799,416.071268114948,59,"LINESTRING(32.6541433 39.8781878,32.6577613 39.8806963)",trunk,2019-05-13 23:50:56.041+00
112374678,112374688,108.103674451654,86,"LINESTRING(32.6056918 39.8541348,32.6067887 39.8546207)",trunk,2019-05-13 23:50:58.843+00
29474465,2380594397,746.419226399539,94,"LINESTRING(32.5695253 39.8210067,32.562913 39.8166173)",trunk,2019-05-14 00:43:54.054+00
309701994,309701995,63.2055058602906,69,"LINESTRING(32.698455 39.9051033,32.6991933 39.9051517)",trunk,2019-05-14 00:43:55.414+00
4813712987,3548377655,56.0693305641765,57,"LINESTRING(32.6701747 39.8892702,32.6706581 39.8896118)",trunk,2019-05-14 00:43:55.894+00
309701983,2389806684,82.9750436856142,81,"LINESTRING(32.6908382 39.9019321,32.6915973 39.9023987)",trunk,2019-05-14 00:43:56.118+00
4420623586,293438432,139.956446555287,43,"LINESTRING(32.8068309 39.9108274,32.8083955 39.9112068)",trunk,2019-05-14 00:26:28.202+00
27046673,493138684,124.499941390046,87,"LINESTRING(32.6310265 39.8638046,32.6297139 39.8633162)",trunk,2019-05-14 00:43:59.288+00
308856717,243775864,120.287261635778,91,"LINESTRING(32.6337772 39.8647219,32.6350091 39.8652474)",trunk,2019-05-13 22:48:58.114+00
29474313,2341629263,179.268370614201,70,"LINESTRING(32.7193463 39.9058719,32.7214453 39.9059533)",trunk,2019-05-13 23:51:37.468+00
308856715,205004957,294.973117321607,93,"LINESTRING(32.6235848 39.860946,32.6267176 39.862066)",trunk,2019-05-13 23:51:37.473+00
1499966782,1499966777,129.428629874315,87,"LINESTRING(32.5731435 39.8237676,32.5721178 39.8229107)",trunk,2019-05-13 23:51:37.701+00
27047874,29474513,253.864966050158,98,"LINESTRING(32.1963181 39.6307177,32.1947728 39.6287694)",trunk,2019-05-14 00:33:54.037+00
112361300,112361327,64.3787285462452,92,"LINESTRING(32.1706642 39.5894351,32.1710699 39.5899224)",trunk,2019-05-13 23:36:29.098+00
112361239,112361300,100.166019363561,93,"LINESTRING(32.1699745 39.5887078,32.1706642 39.5894351)",trunk,2019-05-13 22:42:26.828+00
27047857,1499966782,168.100121062373,87,"LINESTRING(32.574359 39.8249567,32.5731435 39.8237676)",trunk,2019-05-13 23:51:49.045+00
2189274505,308856723,37.3280961518072,83,"LINESTRING(32.6385917 39.8673528,32.6389233 39.8675717)",trunk,2019-05-13 23:51:50.142+00
27046664,310043470,910.989993406113,76,"LINESTRING(32.7267222 39.906403,32.7160594 39.9059359)",trunk,2019-05-13 23:51:50.252+00
2389806676,2389806681,68.0797431170869,82,"LINESTRING(32.6925897 39.9031353,32.6919704 39.9027491)",trunk,2019-05-13 23:52:07.139+00
61770431,2272351639,234.639503669427,80,"LINESTRING(32.7351793 39.9067282,32.7324328 39.9066094)",trunk,2019-05-13 23:52:09.907+00
123588128,293950225,325.229938549377,53,"LINESTRING(32.7030779 39.905436,32.6992717 39.9052633)",trunk,2019-05-13 23:52:10.022+00
2342959596,205005049,273.983436078945,36,"LINESTRING(32.6623731 39.8838936,32.6647558 39.8855454)",trunk,2019-05-13 23:52:10.382+00
310043470,27046665,132.619089184881,60,"LINESTRING(32.7160594 39.9059359,32.7145073 39.9058659)",trunk,2019-05-13 23:52:10.494+00
123588484,293950233,60.8779219565646,82,"LINESTRING(32.6975769 39.9051098,32.69688 39.9049917)",trunk,2019-05-13 23:52:10.672+00
2272351639,27046664,487.63681053536,81,"LINESTRING(32.7324328 39.9066094,32.7267222 39.906403)",trunk,2019-05-13 23:52:11.486+00
27046655,309867963,204.43740481958,72,"LINESTRING(32.7698478 39.9080923,32.7674561 39.9079721)",trunk,2019-05-13 23:52:11.819+00
2344081828,4755304978,115.805242494852,34,"LINESTRING(32.84481 39.9149618,32.846139 39.9147483)",primary,2019-05-13 23:52:13.182+00
112372638,112372724,236.852094572378,91,"LINESTRING(32.5526465 39.8091487,32.5547015 39.8105788)",trunk,2019-05-13 22:51:09.37+00
29474304,2189698801,58.2597663368035,65,"LINESTRING(32.7644237 39.9077376,32.7651061 39.9077602)",trunk,2019-05-13 23:52:15.592+00
1914126989,1914126885,512.732713908158,64,"LINESTRING(32.2155851 39.6531743,32.2122937 39.649322)",trunk,2019-05-13 23:52:17.181+00
2422382723,276961406,152.803365376825,62,"LINESTRING(32.8362441 39.916104,32.8380307 39.9160006)",primary,2019-05-13 23:52:18.659+00
112368028,1914127328,689.110081480002,93,"LINESTRING(32.3773599 39.7317755,32.3847287 39.7342842)",trunk,2019-05-13 23:59:23.855+00
112372724,112372888,591.950974446765,91,"LINESTRING(32.5547015 39.8105788,32.5598698 39.8141255)",trunk,2019-05-13 23:22:34.858+00
818678177,288704308,98.0487574578737,63,"LINESTRING(32.8125517 39.9123523,32.8114487 39.9121038)",trunk,2019-05-13 22:49:38.984+00
2389806716,2389806699,30.7174948939467,78,"LINESTRING(32.6845867 39.8981079,32.6848651 39.8982831)",trunk,2019-05-13 23:26:56.846+00
277130673,2491138748,96.7959465262306,33,"LINESTRING(32.8452886 39.914987,32.8441733 39.9151483)",primary,2019-05-14 00:44:18.165+00
1914127352,1914127326,688.731139434958,90,"LINESTRING(32.3911151 39.7366519,32.383744 39.7341552)",trunk,2019-05-14 00:21:28.419+00
1914127328,112368141,200.851723519549,83,"LINESTRING(32.3847287 39.7342842,32.3868765 39.7350154)",trunk,2019-05-14 00:44:24.454+00
2356120923,2381256503,474.946945017348,67,"LINESTRING(32.5604856 39.8149608,32.5563705 39.8120881)",trunk,2019-05-14 00:02:20.566+00
29474491,29474492,102.556200773633,81,"LINESTRING(32.3312101 39.7203584,32.3300416 39.7201514)",trunk,2019-05-13 23:39:59.664+00
2970275047,2970275029,430.99851279677,84,"LINESTRING(32.3291299 39.7199923,32.32422 39.7191199)",trunk,2019-05-14 00:41:04.201+00
718670146,2355882576,28.0826865675551,71,"LINESTRING(32.7753849 39.9083083,32.7750561 39.9082952)",trunk,2019-05-14 00:45:03.246+00
112374115,2204798520,140.520918553988,92,"LINESTRING(32.5863525 39.8367932,32.5873453 39.8378011)",trunk,2019-05-13 23:52:44.631+00
29474314,288241806,41.8939977007201,59,"LINESTRING(32.7112239 39.9055774,32.7117145 39.9055952)",trunk,2019-05-13 23:27:32.592+00
29474382,29474383,327.849518152431,69,"LINESTRING(32.6096856 39.855881,32.6062029 39.8546379)",trunk,2019-05-06 12:12:55.801+00
309701992,309701993,56.526656946602,70,"LINESTRING(32.6971133 39.9049233,32.6977617 39.9050283)",trunk,2019-05-14 00:39:32.457+00
2358235549,309701991,96.6784108978478,81,"LINESTRING(32.6954477 39.904467,32.6965017 39.9047867)",trunk,2019-05-13 23:22:36.334+00
2360960874,449553811,38.5631651982011,32,"LINESTRING(32.657964 39.8810464,32.6576289 39.8808137)",trunk,2019-05-14 00:22:53.19+00
112367456,4087652476,337.000151728857,93,"LINESTRING(32.3449014 39.7226905,32.3487348 39.7233919)",trunk,2019-05-13 23:58:58.287+00
4087652476,1914127277,382.963225185415,88,"LINESTRING(32.3487348 39.7233919,32.3530911 39.7241889)",trunk,2019-05-14 00:03:52.456+00
2189698802,2378421843,0.316374930380313,77,"LINESTRING(32.7679884 39.9078431,32.7679921 39.9078433)",trunk,2019-05-13 23:05:19.501+00
29474472,29474476,568.40401606461,74,"LINESTRING(32.5042159 39.7788387,32.4988376 39.7758312)",trunk,2019-05-13 23:29:13.492+00
2389806665,2389806696,53.0629183874459,89,"LINESTRING(32.6938089 39.903883,32.6933046 39.9036036)",trunk,2019-05-13 22:50:04.803+00
29474383,27047855,172.457777840094,99,"LINESTRING(32.6062029 39.8546379,32.6045252 39.8537738)",trunk,2019-05-13 23:56:50.617+00
112365057,2351592357,334.376437492455,85,"LINESTRING(32.2574332 39.6927921,32.2603459 39.694797)",trunk,2019-05-13 22:59:16.43+00
112374572,1995887130,34.1300412149219,103,"LINESTRING(32.6012712 39.8514626,32.6015597 39.8516751)",trunk,2019-05-14 00:21:33.213+00
27046662,61770431,241.722787688211,80,"LINESTRING(32.7380096 39.9068379,32.7351793 39.9067282)",trunk,2019-05-14 00:21:23.156+00
2360907296,29285800,28.4905004208136,73,"LINESTRING(32.7827976 39.9084629,32.7831308 39.9084809)",trunk,2019-05-14 00:21:23.977+00
112374880,308856715,230.36796475082,102,"LINESTRING(32.6211762 39.8600112,32.6235848 39.860946)",trunk,2019-05-14 00:21:29.377+00
112374650,112374667,143.074044462818,78,"LINESTRING(32.6036892 39.853063,32.6050427 39.8538219)",trunk,2019-05-14 00:21:33.093+00
112071580,2358235512,196.793720163807,76,"LINESTRING(32.6872601 39.8997904,32.6891031 39.9008549)",trunk,2019-05-14 00:21:33.093+00
2272351637,29474311,213.579165897846,84,"LINESTRING(32.7291541 39.9062974,32.7316526 39.906424)",trunk,2019-05-14 00:21:33.096+00
205005044,243775533,123.063650532748,101,"LINESTRING(32.6277744 39.8624696,32.6290619 39.8629678)",trunk,2019-05-13 23:59:26.186+00
2354679469,2189674218,32.596780662103,62,"LINESTRING(32.8212955 39.9143915,32.8209306 39.9143043)",primary,2019-05-13 23:52:08.86+00
2380594397,27047858,125.157925589379,88,"LINESTRING(32.562913 39.8166173,32.5618043 39.8158813)",trunk,2019-05-13 23:57:25.293+00
4510939414,308857383,14.5778971170252,39,"LINESTRING(32.6440541 39.8711747,32.6441788 39.8712643)",trunk,2019-05-14 00:22:23.954+00
1995887130,112374591,61.6316626284038,83,"LINESTRING(32.6015597 39.8516751,32.6020848 39.8520555)",trunk,2019-05-14 00:22:51.659+00
2189335580,308857381,65.836754167472,48,"LINESTRING(32.6443484 39.87159,32.6437722 39.8711963)",trunk,2019-05-14 00:22:52.365+00
27047876,1421882277,106.581998240519,88,"LINESTRING(32.1721931 39.5917021,32.1716096 39.5908556)",trunk,2019-05-14 00:23:22.253+00
29474462,1499966795,477.852110557876,88,"LINESTRING(32.5780437 39.8287795,32.5747017 39.8253327)",trunk,2019-05-13 22:51:08.782+00
3445223330,29285802,105.270809777251,62,"LINESTRING(32.784529 39.9085261,32.7857614 39.9085773)",trunk,2019-05-13 22:51:16.517+00
4755304978,164555700,217.231737626126,55,"LINESTRING(32.846139 39.9147483,32.8486301 39.914341)",primary,2019-05-13 22:52:49.138+00
2840342490,2840342480,323.80485631972,59,"LINESTRING(32.7905489 39.908791,32.7943404 39.908938)",trunk,2019-05-13 22:52:50.334+00
4872855506,4218662729,64.7926344602104,82,"LINESTRING(32.7991795 39.9094321,32.798428 39.909347)",trunk,2019-05-13 22:52:56.354+00
2555602965,2360960876,317.426589146413,90,"LINESTRING(32.6830065 39.8973203,32.6800966 39.8955412)",trunk,2019-05-13 22:52:56.36+00
4420623583,2355882602,87.9141666712586,64,"LINESTRING(32.797271 39.9092428,32.7962437 39.9091784)",trunk,2019-05-13 22:53:00.005+00
818678129,29473991,98.3549115959285,43,"LINESTRING(32.8125962 39.9121923,32.8136994 39.9124499)",trunk,2019-05-13 22:53:00.191+00
1995887124,2204798536,65.6728804814962,83,"LINESTRING(32.5943253 39.8451593,32.5938581 39.8446901)",trunk,2019-05-13 23:47:51.289+00
2840186012,3445223330,91.2684739364848,52,"LINESTRING(32.7834596 39.9084977,32.784529 39.9085261)",trunk,2019-05-13 23:51:48.935+00
112370560,112370575,72.0026693857125,95,"LINESTRING(32.4795783 39.7648521,32.4803315 39.7651421)",trunk,2019-05-13 23:56:11.808+00
29474288,123588065,257.602738002316,62,"LINESTRING(32.7075989 39.905595,32.7045814 39.9055002)",trunk,2019-05-13 23:05:41.96+00
112373817,2204798470,264.274484593753,96,"LINESTRING(32.5822816 39.8326538,32.5841468 39.8345504)",trunk,2019-05-13 23:33:43.849+00
29431523,4755276052,172.167526234628,42,"LINESTRING(32.8200593 39.9139357,32.8219816 39.9144084)",primary,2019-05-14 00:24:22.769+00
308856792,29431517,15.8056171573481,43,"LINESTRING(32.8107343 39.9117573,32.8109103 39.9118018)",trunk,2019-05-14 00:25:17.117+00
2389806687,2389806702,65.0947953139495,74,"LINESTRING(32.6940625 39.9038664,32.6947164 39.9041682)",trunk,2019-05-13 23:31:13.856+00
4420623553,29284966,0.011119508153297,69,"LINESTRING(32.7862084 39.9084664,32.7862084 39.9084665)",primary,2019-05-13 22:43:57.25+00
2389806698,2389806673,53.8420753296632,85,"LINESTRING(32.6949134 39.9043828,32.69436 39.9041499)",trunk,2019-05-06 11:38:19.454+00
2381256510,2381256514,427.026249815357,89,"LINESTRING(32.5411883 39.8015346,32.5374616 39.7989752)",trunk,2019-05-13 23:39:59.277+00
2627119633,112374697,19.3566275276641,100,"LINESTRING(32.6076653 39.8549656,32.6078671 39.855045)",trunk,2019-05-13 23:51:44.042+00
29474517,4087676578,45.954251808481,87,"LINESTRING(32.2804978 39.7065494,32.2800399 39.7063333)",trunk,2019-05-14 00:35:58.399+00
112360996,112361025,82.7636015979593,70,"LINESTRING(32.1651562 39.5851117,32.1658801 39.5856044)",trunk,2019-05-13 22:35:23.169+00
3799593339,2410112725,85.3556150222693,74,"LINESTRING(32.5486623 39.8066427,32.547894 39.8061519)",trunk,2019-05-13 23:55:10.095+00
1914127272,380974618,8.19059442357567,78,"LINESTRING(32.3504077 39.7238822,32.350315 39.7238637)",trunk,2019-05-13 23:59:32.166+00
112365740,112365862,332.682906597977,87,"LINESTRING(32.2781815 39.7052305,32.2814649 39.7068338)",trunk,2019-05-14 00:33:28.844+00
112370966,112371125,624.750122652773,73,"LINESTRING(32.4935097 39.7723721,32.4993849 39.7757154)",trunk,2019-05-14 00:13:31.115+00
112370528,1516644699,78.0903592975155,95,"LINESTRING(32.4780432 39.7643355,32.4788801 39.7646172)",trunk,2019-05-13 23:59:04.446+00
112370662,112370966,1093.31908053951,87,"LINESTRING(32.4832215 39.7665288,32.4935097 39.7723721)",trunk,2019-05-13 23:33:40.563+00
1397577714,172995414,33.1068146659467,27,"LINESTRING(32.1448068 39.5759738,32.1451404 39.5761239)",trunk,2019-05-13 23:20:55.206+00
2389806677,2486055376,93.2891574257096,86,"LINESTRING(32.6830855 39.897197,32.683951 39.8977098)",trunk,2019-05-14 00:07:19.134+00
2389806721,112102785,327.68405651274,91,"LINESTRING(32.6757546 39.8927592,32.6787748 39.8945799)",trunk,2019-05-13 23:35:24.872+00
112373083,2356211502,405.448864670814,76,"LINESTRING(32.5661948 39.8184905,32.569733 39.8209216)",trunk,2019-05-13 23:20:33.653+00
2355905375,27046662,185.633393377813,68,"LINESTRING(32.7401815 39.9069444,32.7380096 39.9068379)",trunk,2019-05-14 00:07:22.563+00
29474492,2970275047,79.9580708718431,79,"LINESTRING(32.3300416 39.7201514,32.3291299 39.7199923)",trunk,2019-04-30 12:21:02.006+00
309903632,309903637,207.371223970096,95,"LINESTRING(32.5817709 39.8324461,32.580286 39.8309704)",trunk,2019-05-13 23:36:26.96+00
2186060059,112273426,76.0967455154658,60,"LINESTRING(32.1414616 39.5748322,32.1422917 39.575075)",trunk,2019-05-13 22:52:51.822+00
2186093034,29474777,9.58845367087857,44,"LINESTRING(32.1474162 39.5774252,32.1473193 39.5773821)",trunk,2019-05-06 11:50:24.73+00
2389806692,2455029362,100.198474364513,88,"LINESTRING(32.6756453 39.8928603,32.6747175 39.8923078)",trunk,2019-05-13 23:20:38.187+00
4510939410,2382990804,7.02349127341572,68,"LINESTRING(32.6437939 39.8709927,32.6438556 39.8710345)",trunk,2019-05-14 00:21:24.574+00
493119317,308856741,368.918075681074,59,"LINESTRING(32.6452839 39.8720218,32.6485025 39.8742367)",trunk,2019-05-13 23:51:48.341+00
2840342480,2341574945,69.2748092338369,67,"LINESTRING(32.7943404 39.908938,32.7951513 39.9089731)",trunk,2019-05-13 23:07:10.321+00
112369506,2204797568,462.721129753195,88,"LINESTRING(32.4405764 39.7532538,32.4455305 39.7549303)",trunk,2019-05-13 23:56:14.17+00
148985942,29474306,92.6860744108559,88,"LINESTRING(32.7563827 39.9073997,32.7574676 39.9074469)",trunk,2019-05-14 00:29:18.956+00
29285806,29285825,192.854175626206,55,"LINESTRING(32.7865188 39.9086074,32.7887768 39.9086974)",trunk,2019-05-13 23:52:11.817+00
493119321,4510939410,1.54073478923387,59,"LINESTRING(32.6437804 39.8709835,32.6437939 39.8709927)",trunk,2019-05-14 00:22:20.884+00
665879120,29431520,109.117545523032,59,"LINESTRING(32.8149743 39.9127462,32.8161987 39.9130308)",trunk,2019-05-13 23:09:17.073+00
29474380,29474381,362.261884784677,95,"LINESTRING(32.6184189 39.8591424,32.6146048 39.8577135)",trunk,2019-05-14 00:32:18.157+00
29474469,29474471,679.355070192731,82,"LINESTRING(32.5322078 39.7954591,32.5263342 39.7913409)",trunk,2019-05-13 22:59:47.515+00
164616883,5038990081,7.90005507594735,60,"LINESTRING(32.6418498 39.8698852,32.6417824 39.8698365)",trunk,2019-05-13 23:40:34.196+00
2389806681,2389806679,53.2376152318579,86,"LINESTRING(32.6919704 39.9027491,32.6914752 39.9024577)",trunk,2019-05-13 23:52:09.544+00
2189335582,2189335580,70.2132597351857,45,"LINESTRING(32.6449589 39.8720133,32.6443484 39.87159)",trunk,2019-05-14 00:28:34.06+00
2381256514,29474469,595.250717715773,83,"LINESTRING(32.5374616 39.7989752,32.5322078 39.7954591)",trunk,2019-05-13 23:09:16.028+00
29474471,1914093443,175.020974582109,96,"LINESTRING(32.5263342 39.7913409,32.5247164 39.7903754)",trunk,2019-05-13 23:20:58.767+00
112374697,112374713,106.912788784398,75,"LINESTRING(32.6078671 39.855045,32.6089775 39.8554898)",trunk,2019-05-13 23:03:05.464+00
1516644699,112370560,65.1431174995654,86,"LINESTRING(32.4788801 39.7646172,32.4795783 39.7648521)",trunk,2019-05-13 23:56:12.722+00
29451060,4755276057,123.431465085383,71,"LINESTRING(32.829181 39.9158227,32.8306179 39.9159554)",primary,2019-05-13 23:32:49.668+00
27046641,2355882577,68.2636886070491,78,"LINESTRING(32.7767073 39.9083606,32.7759082 39.9083266)",trunk,2019-05-14 00:33:13.966+00
2358235511,112071580,36.3326714991377,74,"LINESTRING(32.6869338 39.8995804,32.6872601 39.8997904)",trunk,2019-05-13 22:59:13.233+00
308844136,1397577716,36.6232310222153,16,"LINESTRING(32.1450731 39.5763945,32.1447012 39.5762323)",trunk,2019-05-06 13:01:54.367+00
150546760,818678211,50.1595667426927,73,"LINESTRING(32.8167116 39.9132906,32.816145 39.9131697)",trunk,2019-05-14 00:43:49.105+00
112374667,112374678,65.4267989273273,95,"LINESTRING(32.6050427 39.8538219,32.6056918 39.8541348)",trunk,2019-05-14 00:22:23.148+00
4754236192,277130673,77.048124869111,46,"LINESTRING(32.84617 39.914835,32.8452886 39.914987)",primary,2019-05-14 00:43:49.196+00
1914127490,29474485,148.618980436975,104,"LINESTRING(32.4120887 39.7437708,32.4104959 39.7432356)",trunk,2019-05-06 12:49:56.248+00
112370104,112370116,70.6478383245519,88,"LINESTRING(32.4613298 39.760232,32.4621098 39.7604421)",trunk,2019-05-13 23:29:36.845+00
1397577716,308843810,71.3287285113417,31,"LINESTRING(32.1447012 39.5762323,32.1439933 39.575895)",trunk,2019-05-06 12:46:54.656+00
2389806684,2389806703,55.5473913841585,77,"LINESTRING(32.6915973 39.9023987,32.6921045 39.902712)",trunk,2019-05-13 23:47:12.392+00
2356121080,112373083,262.451808061565,75,"LINESTRING(32.5639012 39.8169197,32.5661948 39.8184905)",trunk,2019-05-13 23:49:13.738+00
3439221762,29474499,1079.8824374315,89,"LINESTRING(32.2926047 39.7124497,32.2819235 39.7072731)",trunk,2019-05-13 22:50:07.749+00
29474468,2381256510,454.974600227837,77,"LINESTRING(32.5451709 39.8042513,32.5411883 39.8015346)",trunk,2019-05-14 00:39:31.87+00
27047880,1397577714,21.0954665531145,53,"LINESTRING(32.1445942 39.5758782,32.1448068 39.5759738)",trunk,2019-05-13 23:52:12.942+00
172994919,1037720890,83.9401432809844,72,"LINESTRING(32.1620019 39.5836097,32.1628465 39.583992)",trunk,2019-05-13 23:52:08.859+00
4087676578,29474500,72.6259554125984,55,"LINESTRING(32.2800399 39.7063333,32.2793163 39.7059917)",trunk,2019-05-14 00:23:47.538+00
164616832,5038990085,4.99685178384553,49,"LINESTRING(32.6429304 39.8706513,32.6428874 39.8706208)",trunk,2019-05-13 23:31:14.341+00
172995414,243776389,101.540739526023,39,"LINESTRING(32.1451404 39.5761239,32.1461125 39.5766459)",trunk,2019-05-13 23:08:06.202+00
112361025,112361086,126.154748101667,70,"LINESTRING(32.1658801 39.5856044,32.1670251 39.5863175)",trunk,2019-05-13 23:05:23.14+00
2344081845,4755304977,116.756174516275,50,"LINESTRING(32.8421228 39.9154157,32.8434629 39.9152011)",primary,2019-04-18 18:15:33.023+00
2360960881,27046672,41.8169819006543,45,"LINESTRING(32.6584094 39.8813615,32.6580498 39.881106)",trunk,2019-05-14 00:05:55.656+00
29474507,29474508,557.377538041274,50,"LINESTRING(32.2253245 39.6645144,32.2217524 39.6603234)",trunk,2019-04-22 10:57:36.113+00
112368559,1914127402,247.812966233787,75,"LINESTRING(32.4022731 39.7402221,32.4049261 39.7411194)",trunk,2019-05-13 23:47:58.218+00
112368141,1914127347,292.881094347303,90,"LINESTRING(32.3868765 39.7350154,32.3900068 39.7360845)",trunk,2019-05-13 23:11:18.389+00
1914126886,1914126984,490.852968769626,89,"LINESTRING(32.2126678 39.649373,32.2158296 39.6530554)",trunk,2019-05-14 00:36:32.678+00
112367108,112367252,719.997836198132,87,"LINESTRING(32.3272714 39.7194838,32.3354632 39.7209755)",trunk,2019-05-14 00:21:34.057+00
29474495,2204797102,135.304598624715,77,"LINESTRING(32.3551501 39.7247854,32.3536195 39.7244775)",trunk,2019-05-13 22:47:27.214+00
112366246,112366276,72.0615287871762,77,"LINESTRING(32.2936014 39.7127205,32.2943548 39.7130105)",trunk,2019-05-14 00:13:04.351+00
3439221826,112364724,137.907202597406,80,"LINESTRING(32.2446803 39.6840026,32.2458765 39.6848337)",trunk,2019-05-13 23:35:24.508+00
3439221819,112364589,14.431838765168,75,"LINESTRING(32.2405469 39.6810777,32.2406648 39.6811705)",trunk,2019-05-13 23:00:56.434+00
2204797140,29474495,83.7078822101139,77,"LINESTRING(32.3560841 39.7250105,32.3551501 39.7247854)",trunk,2019-05-13 22:53:23.444+00
112366709,112366986,1073.41287321144,90,"LINESTRING(32.3088148 39.7161405,32.3210298 39.7183555)",trunk,2019-05-13 22:58:20.245+00
29474487,2204797140,176.933030613245,78,"LINESTRING(32.3580439 39.7255203,32.3560841 39.7250105)",trunk,2019-05-13 23:05:15.367+00
27047869,3439221762,26.3594955490853,85,"LINESTRING(32.2928654 39.7125761,32.2926047 39.7124497)",trunk,2019-05-13 23:08:21.315+00
112367934,112368028,646.504815280586,90,"LINESTRING(32.3704497 39.7294171,32.3773599 39.7317755)",trunk,2019-05-14 00:03:58.631+00
29474513,29474512,525.755993276135,82,"LINESTRING(32.1947728 39.6287694,32.1921581 39.6244915)",trunk,2019-05-13 23:44:05.109+00
112366276,112366294,72.3331182668594,84,"LINESTRING(32.2943548 39.7130105,32.2951232 39.7132821)",trunk,2019-05-14 00:14:46.616+00
29474509,27047873,750.187188049578,50,"LINESTRING(32.2209067 39.6593915,32.2160842 39.6537584)",trunk,2019-04-22 11:00:33.744+00
112371723,1914093441,355.020425038584,107,"LINESTRING(32.5216097 39.7883537,32.5249183 39.7902851)",trunk,2019-05-13 23:58:20.484+00
1421882277,29474515,128.684040304921,77,"LINESTRING(32.1716096 39.5908556,32.1708012 39.5898803)",trunk,2019-05-14 00:39:38.208+00
243776164,29474396,236.560392060338,91,"LINESTRING(32.6365452 39.8662329,32.6342332 39.8650595)",trunk,2019-05-14 00:00:50.806+00
29474506,29474507,1035.93605994764,50,"LINESTRING(32.231968 39.6723018,32.2253245 39.6645144)",trunk,2019-04-22 11:26:19.716+00
112364483,112364507,85.716519840557,75,"LINESTRING(32.2380515 39.678862,32.2386664 39.6794705)",trunk,2019-05-13 23:50:54.175+00
29474500,29474501,546.160678737476,55,"LINESTRING(32.2793163 39.7059917,32.2739091 39.7033803)",trunk,2019-05-14 00:40:26.73+00
27047872,29474506,784.915704054915,70,"LINESTRING(32.2370568 39.6781744,32.231968 39.6723018)",trunk,2019-05-14 00:02:01.004+00
112368788,112368890,227.991327467199,81,"LINESTRING(32.4105032 39.7430055,32.4129249 39.7438638)",trunk,2019-05-14 00:21:11.717+00
1037720261,309903619,27.9400245060942,96,"LINESTRING(32.1626799 39.5842405,32.1624028 39.5841081)",trunk,2019-05-13 23:17:38.712+00
2970273103,2351272037,431.656700460642,88,"LINESTRING(32.2531377 39.6898412,32.256901 39.6924265)",trunk,2019-05-13 23:09:16.379+00
29474504,27047870,522.597859603619,91,"LINESTRING(32.2626735 39.6966702,32.2581155 39.6935416)",trunk,2019-05-13 23:34:40.479+00
112365462,2351271985,80.0528688897521,91,"LINESTRING(32.2682764 39.7001838,32.2690211 39.7006197)",trunk,2019-05-13 22:58:11.039+00
29474508,29474509,126.406658778661,50,"LINESTRING(32.2217524 39.6603234,32.2209067 39.6593915)",trunk,2019-04-22 10:20:27.99+00
3091171880,112367779,108.632963780874,84,"LINESTRING(32.3590506 39.7256496,32.3602298 39.7260128)",trunk,2019-05-14 00:02:30.998+00
29474489,2204797074,142.66320264789,83,"LINESTRING(32.3471307 39.7232979,32.3455086 39.7229987)",trunk,2019-05-13 23:13:29.019+00
112364571,3439221819,69.8220624104381,77,"LINESTRING(32.2399764 39.6806288,32.2405469 39.6810777)",trunk,2019-05-14 00:20:47.588+00
112364551,112364571,85.2241480399013,77,"LINESTRING(32.2393082 39.6800605,32.2399764 39.6806288)",trunk,2019-05-13 23:50:57.249+00
2351272037,112365057,61.042816841418,80,"LINESTRING(32.256901 39.6924265,32.2574332 39.6927921)",trunk,2019-05-13 23:13:41.36+00
308856716,308856717,145.38212033552,88,"LINESTRING(32.6322591 39.8641289,32.6337772 39.8647219)",trunk,2019-05-14 00:43:04.882+00
27047860,27047861,177.011443256774,93,"LINESTRING(32.4831172 39.7667077,32.4814317 39.7657827)",trunk,2019-05-14 00:41:21.11+00
112373350,1499966799,186.309826812947,50,"LINESTRING(32.5737064 39.8240305,32.5750309 39.8253619)",trunk,NULL
112374688,2627119633,84.0832475334264,80,"LINESTRING(32.6067887 39.8546207,32.6076653 39.8549656)",trunk,2019-05-14 00:20:37.437+00
2354783632,309677161,45.8903377722901,48,"LINESTRING(32.8385792 39.9160355,32.8380445 39.9160817)",primary,2019-05-14 00:44:17.327+00
2486055361,2486055378,42.3925682565662,85,"LINESTRING(32.6748266 39.8921325,32.6752022 39.8923821)",trunk,2019-05-13 23:35:27.447+00
309677161,2354783642,153.402006105749,36,"LINESTRING(32.8380445 39.9160817,32.8362499 39.9161748)",primary,2019-05-14 00:16:12.6+00
112370629,112370644,72.9389570356631,100,"LINESTRING(32.4818032 39.7657905,32.4825181 39.7661487)",trunk,2019-05-13 23:56:08.304+00
112362106,112362290,777.736511380779,89,"LINESTRING(32.1834097 39.6095688,32.1872532 39.6159055)",trunk,2019-05-13 23:37:18.417+00
2486055378,2389806721,63.081485475141,76,"LINESTRING(32.6752022 39.8923821,32.6757546 39.8927592)",trunk,2019-05-13 23:05:23.5+00
2356211495,112373282,118.424270977239,93,"LINESTRING(32.5706336 39.8215445,32.5716381 39.8222787)",trunk,2019-05-13 23:20:06.355+00
308856743,2342959133,107.516338368613,64,"LINESTRING(32.6509783 39.8759933,32.6519132 39.8766415)",trunk,2019-05-13 23:09:12.372+00
309701982,2364043042,227.702343406186,68,"LINESTRING(32.6660767 39.8864648,32.6680488 39.8878445)",trunk,2019-05-14 00:07:19.376+00
2189335607,2189274611,106.432089381223,62,"LINESTRING(32.6493019 39.8750305,32.6483772 39.8743882)",trunk,2019-05-13 23:05:20.691+00
2356211502,112373249,92.6384673817282,82,"LINESTRING(32.569733 39.8209216,32.5705414 39.8214771)",trunk,2019-05-13 23:34:33.693+00
112358981,2186060549,13.0598503572596,30,"LINESTRING(32.1503553 39.5785241,32.1504881 39.5785817)",trunk,2019-05-13 23:06:27.345+00
112370483,112370515,71.7994803194638,97,"LINESTRING(32.4764631 39.7639055,32.4772597 39.7641104)",trunk,2019-05-13 23:59:04.443+00
1696109062,2944044843,270.951074090138,84,"LINESTRING(32.2530507 39.6900513,32.2506967 39.6884215)",trunk,2019-05-14 00:11:20.635+00
27047859,29474473,562.804878201636,68,"LINESTRING(32.5104045 39.7823219,32.505093 39.7793292)",trunk,2019-05-13 23:47:51.539+00
1037720890,112360807,89.2037411517786,72,"LINESTRING(32.1628465 39.583992,32.1637482 39.5843928)",trunk,2019-05-13 23:07:03.848+00
293950233,293950236,101.196446913739,83,"LINESTRING(32.69688 39.9049917,32.6957533 39.9047067)",trunk,2019-05-13 22:41:53.841+00
2354783612,2354783599,94.8079347976662,57,"LINESTRING(32.8392156 39.9158811,32.8403052 39.9157121)",primary,2019-05-14 00:17:41.033+00
2486055393,2555602965,95.317800158749,85,"LINESTRING(32.683867 39.8978671,32.6830065 39.8973203)",trunk,2019-05-13 23:24:47.027+00
112102996,2471614594,280.798231446675,78,"LINESTRING(32.6801279 39.8954012,32.6827072 39.89697)",trunk,2019-05-14 00:06:38.222+00
164555551,1388625632,90.5495217146224,44,"LINESTRING(32.8423827 39.9154532,32.8413436 39.9156204)",primary,2019-05-14 00:16:06.273+00
112370575,112370592,72.3005173320705,99,"LINESTRING(32.4803315 39.7651421,32.4810715 39.7654571)",trunk,2019-05-14 00:00:44.094+00
2354783622,2354783632,51.9092381551963,37,"LINESTRING(32.8391798 39.9159598,32.8385792 39.9160355)",primary,2019-05-14 00:19:58.956+00
1499966819,112373817,366.458610294415,77,"LINESTRING(32.5796892 39.8300274,32.5822816 39.8326538)",trunk,2019-05-13 23:31:13.745+00
112361729,112361877,290.208055544782,87,"LINESTRING(32.1779808 39.6008921,32.1793801 39.6032689)",trunk,2019-05-13 23:11:12.335+00
2354783602,2354783622,98.6441637869617,39,"LINESTRING(32.8403135 39.915784,32.8391798 39.9159598)",primary,2019-05-14 00:38:42.254+00
3548377655,2389806711,316.075515361891,64,"LINESTRING(32.6706581 39.8896118,32.6735614 39.8913775)",trunk,2019-05-13 23:07:54.559+00
112360807,112360996,144.737633657469,74,"LINESTRING(32.1637482 39.5843928,32.1651562 39.5851117)",trunk,2019-05-13 23:20:05.327+00
2189335636,2342959180,140.998871457596,49,"LINESTRING(32.6552794 39.879182,32.6540543 39.8783311)",trunk,2019-05-13 23:52:34.169+00
2382990799,2342959596,530.328565478682,58,"LINESTRING(32.6577613 39.8806963,32.6623731 39.8838936)",trunk,2019-05-13 23:06:26.62+00
2382990804,4510939411,7.07852359409085,59,"LINESTRING(32.6438556 39.8710345,32.6439177 39.8710767)",trunk,2019-05-13 23:51:45.633+00
308857381,2189335578,6.03395788176511,47,"LINESTRING(32.6437722 39.8711963,32.6437172 39.8711622)",trunk,2019-05-13 22:58:11.142+00
29474479,29474480,698.53503983953,92,"LINESTRING(32.4697122 39.7624913,32.4619218 39.7605936)",trunk,2019-05-06 12:32:25.416+00
29474459,2204798474,255.840148648311,88,"LINESTRING(32.585863 39.8365437,32.5840397 39.8347179)",trunk,2019-05-13 23:55:06.56+00
2313532972,2313532969,69.2931109551652,36,"LINESTRING(32.7630871 39.9076784,32.7638982 39.9077135)",trunk,2019-05-13 23:06:26.992+00
3439221754,27047868,34.5317488643456,87,"LINESTRING(32.2978522 39.7141578,32.2974607 39.714082)",trunk,2019-05-06 12:58:54.494+00
2944044843,3439221827,749.538036580436,77,"LINESTRING(32.2506967 39.6884215,32.2441759 39.6839208)",trunk,2019-05-13 22:54:46.789+00
29285825,2341574939,91.3420824986982,71,"LINESTRING(32.7887768 39.9086974,32.7898459 39.9087451)",trunk,2019-05-13 23:07:08.177+00
2389806720,2389806698,24.946164408385,93,"LINESTRING(32.6951726 39.9044867,32.6949134 39.9043828)",trunk,2019-05-13 22:57:27.547+00
288241806,62719584,242.345870773859,61,"LINESTRING(32.7117145 39.9055952,32.7145525 39.9056981)",trunk,2019-05-13 22:57:30.001+00
112365862,112365993,505.041123496578,100,"LINESTRING(32.2814649 39.7068338,32.2864432 39.7092754)",trunk,2019-05-14 00:23:14.671+00
276961400,2422382723,56.4181073207713,61,"LINESTRING(32.8355826 39.9161084,32.8362441 39.916104)",primary,2019-05-13 23:34:43.324+00
112362355,112362526,805.011490150322,89,"LINESTRING(32.1899414 39.620347,32.1939215 39.6269055)",trunk,2019-05-13 22:58:21.622+00
3091128806,308844136,53.5197482548425,30,"LINESTRING(32.1456155 39.576633,32.1450731 39.5763945)",trunk,2019-05-13 22:58:39.776+00
4420623573,309677143,134.622591489044,34,"LINESTRING(32.8047036 39.9102982,32.8062032 39.9106759)",trunk,2019-05-13 22:58:42.79+00
2364043042,4813712986,199.023279899435,77,"LINESTRING(32.6680488 39.8878445,32.6697976 39.889029)",trunk,2019-05-13 23:46:13.137+00
309701993,309701994,59.7227136958072,71,"LINESTRING(32.6977617 39.9050283,32.698455 39.9051033)",trunk,2019-05-13 23:55:16.836+00
27046633,4754262478,195.591870507576,48,"LINESTRING(32.8240306 39.9149952,32.8218266 39.914509)",primary,2019-05-13 23:07:04.56+00
243775533,308856716,301.883580554024,92,"LINESTRING(32.6290619 39.8629678,32.6322591 39.8641289)",trunk,2019-05-14 00:43:04.88+00
112374713,112374743,169.146398073664,102,"LINESTRING(32.6089775 39.8554898,32.6107531 39.8561651)",trunk,2019-05-14 00:05:55.769+00
2189830320,29285152,37.6891104539128,79,"LINESTRING(32.7887902 39.9088481,32.788349 39.9088294)",trunk,2019-05-13 23:08:23.65+00
112365259,2351271815,32.8870575447514,79,"LINESTRING(32.2631164 39.6967038,32.263408 39.6968965)",trunk,2019-05-14 00:22:33.991+00
2355882578,27046641,178.269344650907,68,"LINESTRING(32.7787943 39.9084471,32.7767073 39.9083606)",trunk,2019-05-14 00:33:29.9+00
2355882577,718670146,44.6810429829981,108,"LINESTRING(32.7759082 39.9083266,32.7753849 39.9083083)",trunk,2019-05-14 00:35:59.929+00
2189698811,2355882578,43.7959397411089,56,"LINESTRING(32.7793074 39.908462,32.7787943 39.9084471)",trunk,2019-05-14 00:45:02.392+00
2355882576,27046654,157.835785379045,63,"LINESTRING(32.7750561 39.9082952,32.7732081 39.9082218)",trunk,2019-05-13 23:32:57.766+00
2341574930,2189698812,81.1216122105799,78,"LINESTRING(32.7813625 39.9085417,32.7804126 39.9085054)",trunk,2019-05-13 23:45:56.501+00
27046658,2314412574,241.218658546916,77,"LINESTRING(32.7627515 39.9078507,32.7599274 39.9077362)",trunk,2019-05-13 22:59:10.019+00
112102785,112102996,147.191438080632,90,"LINESTRING(32.6787748 39.8945799,32.6801279 39.8954012)",trunk,2019-05-13 23:19:32.919+00
112374591,112374626,51.8393352653974,98,"LINESTRING(32.6020848 39.8520555,32.6025365 39.8523671)",trunk,2019-05-13 23:19:35.439+00
2358235514,3557134026,75.5430444934624,85,"LINESTRING(32.6890008 39.9009863,32.6883033 39.9005677)",trunk,2019-05-13 23:19:40.887+00
2189698801,2189698802,246.019335166276,80,"LINESTRING(32.7651061 39.9077602,32.7679884 39.9078431)",trunk,2019-05-13 23:19:41.244+00
112367779,112367934,952.451231167948,82,"LINESTRING(32.3602298 39.7260128,32.3704497 39.7294171)",trunk,2019-05-14 00:02:31.473+00
112367252,112367456,829.434991918334,78,"LINESTRING(32.3354632 39.7209755,32.3449014 39.7226905)",trunk,2019-05-13 23:59:01.701+00
27047879,1865491367,9.36876080210177,39,"LINESTRING(32.1503825 39.5787405,32.150287 39.5786995)",trunk,2019-05-14 00:33:09.456+00
293950225,123588403,21.9864765352949,101,"LINESTRING(32.6992717 39.9052633,32.6990144 39.9052515)",trunk,2019-05-14 00:28:19.368+00
2189274611,2189335582,393.487852520888,65,"LINESTRING(32.6483772 39.8743882,32.6449589 39.8720133)",trunk,2019-05-14 00:28:19.596+00
112372358,3799593337,330.279449636058,89,"LINESTRING(32.5453198 39.804132,32.5481799 39.8061307)",trunk,2019-05-14 00:28:19.817+00
112374632,112374650,73.2670252172229,77,"LINESTRING(32.6029999 39.8526704,32.6036892 39.853063)",trunk,2019-05-14 00:28:22.123+00
4510939415,493119321,17.2709732568527,60,"LINESTRING(32.6436326 39.8708774,32.6437804 39.8709835)",trunk,2019-05-14 00:28:22.477+00
112374626,112374632,51.9828778127947,92,"LINESTRING(32.6025365 39.8523671,32.6029999 39.8526704)",trunk,2019-05-14 00:28:22.48+00
293438432,4633592239,102.998809187049,43,"LINESTRING(32.8083955 39.9112068,32.80955 39.9114785)",trunk,2019-05-14 00:28:23.867+00
2389806703,2389806701,80.3971052180618,82,"LINESTRING(32.6921045 39.902712,32.6928394 39.9031647)",trunk,2019-05-13 23:59:19.345+00
4872855507,4872855506,3.70262571392542,66,"LINESTRING(32.7992222 39.9094381,32.7991795 39.9094321)",trunk,2019-05-13 23:20:05.208+00
2313532932,2313532972,13.3003094484754,62,"LINESTRING(32.7629316 39.9076695,32.7630871 39.9076784)",trunk,2019-05-13 23:20:06.011+00
112273426,27047880,216.611147617053,56,"LINESTRING(32.1422917 39.575075,32.1445942 39.5758782)",trunk,2019-05-13 23:20:07.979+00
1914093443,1914093397,278.198605621612,79,"LINESTRING(32.5247164 39.7903754,32.5221009 39.7888853)",trunk,2019-05-13 23:20:11.165+00
2314412573,27046659,84.0564858241213,75,"LINESTRING(32.7573523 39.9076319,32.7563682 39.907592)",trunk,2019-05-13 23:18:14.278+00
3799593337,112372550,248.547014954929,72,"LINESTRING(32.5481799 39.8061307,32.5504147 39.8075621)",trunk,2019-05-13 23:20:32.458+00
2381256503,2381256504,110.653797823195,73,"LINESTRING(32.5563705 39.8120881,32.5554118 39.8114188)",trunk,2019-05-14 00:02:24.962+00
27047861,29474478,257.832700197453,94,"LINESTRING(32.4814317 39.7657827,32.478779 39.7646787)",trunk,2019-05-14 00:41:22.276+00
3723941727,1914127395,462.588366679085,83,"LINESTRING(32.4079102 39.7423502,32.4029501 39.7406888)",trunk,2019-05-14 00:00:12.404+00
205005040,29474379,278.24472196644,92,"LINESTRING(32.6282113 39.8627571,32.6252587 39.8616964)",trunk,2019-05-14 00:00:53.501+00
112373311,112373350,132.220166601942,94,"LINESTRING(32.5726947 39.8231304,32.5737064 39.8240305)",trunk,2019-05-13 22:55:16.081+00
112366986,112367108,548.388495929441,102,"LINESTRING(32.3210298 39.7183555,32.3272714 39.7194838)",trunk,2019-05-14 00:28:41.79+00
29474309,29474308,478.535149486498,80,"LINESTRING(32.7411178 39.9068012,32.7467196 39.9070375)",trunk,2019-05-13 23:09:12.6+00
2354783642,27046632,60.3216520812422,37,"LINESTRING(32.8362499 39.9161748,32.835546 39.9162279)",primary,2019-05-14 00:44:01.73+00
112361479,112361501,93.0159453202007,62,"LINESTRING(32.1718514 39.5908905,32.1723471 39.5916347)",trunk,2019-05-13 22:50:05.181+00
27047868,3439221753,112.277914396606,93,"LINESTRING(32.2974607 39.714082,32.2961945 39.7138158)",trunk,2019-05-13 23:52:16.477+00
3723941726,112368788,197.676512116094,87,"LINESTRING(32.408368 39.7423237,32.4105032 39.7430055)",trunk,2019-05-13 23:56:12.724+00
1499966795,27047857,51.0344630478254,81,"LINESTRING(32.5747017 39.8253327,32.574359 39.8249567)",trunk,2019-05-13 23:20:49.702+00
112364724,112364873,597.106078064495,81,"LINESTRING(32.2458765 39.6848337,32.2510697 39.6884204)",trunk,2019-05-13 23:20:52.959+00
2840342495,2189830341,29.3360781204099,68,"LINESTRING(32.7974445 39.9090649,32.7977872 39.9090873)",trunk,2019-05-13 23:20:52.966+00
2381256505,112372181,116.126625365965,81,"LINESTRING(32.5376111 39.7987213,32.5386149 39.7994255)",trunk,2019-05-13 23:44:57.065+00
308856751,112102303,30.44392671132,66,"LINESTRING(32.6654101 39.8859954,32.665669 39.8861838)",trunk,2019-05-13 23:20:56.232+00
662560925,1995887128,87.510899392078,78,"LINESTRING(32.6014603 39.8518366,32.6007249 39.8512883)",trunk,2019-05-14 00:01:09.155+00
29431520,150546718,135.80649723794,42,"LINESTRING(32.8161987 39.9130308,32.8177283 39.9133702)",trunk,2019-05-14 00:25:08.465+00
112371998,112372136,494.49209480917,94,"LINESTRING(32.5325148 39.7952588,32.5368614 39.7981954)",trunk,2019-05-14 00:02:06.305+00
1914127347,112368242,194.28235632299,75,"LINESTRING(32.3900068 39.7360845,32.3920833 39.7367937)",trunk,2019-05-14 00:29:13.339+00
29474458,2204798522,136.902937203292,93,"LINESTRING(32.5884427 39.8392506,32.5875449 39.8382305)",trunk,2019-05-14 00:29:14.788+00
2314412574,2314412573,219.950222885869,77,"LINESTRING(32.7599274 39.9077362,32.7573523 39.9076319)",trunk,2019-05-14 00:05:42.412+00
29474478,27047862,245.115165555968,92,"LINESTRING(32.478779 39.7646787,32.4760502 39.7640009)",trunk,2019-05-13 23:28:46.142+00
112227987,164616832,77.8534313962494,60,"LINESTRING(32.6436283 39.8711022,32.6429304 39.8706513)",trunk,2019-05-13 23:32:23.822+00
1914126984,112363575,262.368522871955,79,"LINESTRING(32.2158296 39.6530554,32.2175197 39.6550237)",trunk,2019-05-06 12:28:21.576+00
310043456,29474399,46.7832725287531,50,"LINESTRING(32.7642914 39.9079114,32.7637433 39.9078956)",trunk,2019-05-13 23:52:09.915+00
308856741,308856743,287.730766246912,73,"LINESTRING(32.6485025 39.8742367,32.6509783 39.8759933)",trunk,2019-05-13 23:21:25.55+00
29473991,665879120,113.617273194727,44,"LINESTRING(32.8136994 39.9124499,32.8149743 39.9127462)",trunk,2019-05-13 23:21:26.24+00
3439221752,27047869,204.148084849033,50,"LINESTRING(32.2949904 39.7134119,32.2928654 39.7125761)",trunk,2019-04-22 10:57:44.948+00
4755304977,2344081828,117.930206246375,38,"LINESTRING(32.8434629 39.9152011,32.84481 39.9149618)",primary,2019-05-13 23:22:36.1+00
309903637,1499966818,178.160485518344,94,"LINESTRING(32.580286 39.8309704,32.5790505 39.8296793)",trunk,2019-05-13 23:22:30.072+00
29474310,29474309,300.551492596937,78,"LINESTRING(32.7376001 39.9066448,32.7411178 39.9068012)",trunk,2019-05-13 23:22:31.439+00
2186060832,2186060844,25.5439790184457,64,"LINESTRING(32.1569736 39.5813644,32.1572317 39.5814793)",trunk,2019-05-13 22:50:03.437+00
1499966777,1499966772,207.027398128545,82,"LINESTRING(32.5721178 39.8229107,32.5703902 39.8216046)",trunk,2019-05-13 23:20:53.087+00
2186060844,1037720626,418.283464487178,51,"LINESTRING(32.1572317 39.5814793,32.161458 39.583361)",trunk,2019-05-13 23:09:18.285+00
29474512,1914126849,456.210310884154,72,"LINESTRING(32.1921581 39.6244915,32.1899001 39.6207756)",trunk,2019-05-13 23:32:51.54+00
2840173808,2840163765,90.1927267780054,49,"LINESTRING(32.7851719 39.9087115,32.7841164 39.9086625)",trunk,2019-05-13 23:35:26.048+00
112363734,112363877,494.275228764467,80,"LINESTRING(32.2200497 39.657967,32.2232333 39.6616754)",trunk,2019-05-14 00:03:03.439+00
60535532,2189698811,43.2015231303916,59,"LINESTRING(32.7798132 39.9084824,32.7793074 39.908462)",trunk,2019-05-14 00:03:08.993+00
27047863,29474481,91.8477889939077,79,"LINESTRING(32.4490099 39.7562933,32.4480339 39.7559479)",trunk,2019-05-14 00:03:10.328+00
2381256500,662560924,32.728513749604,81,"LINESTRING(32.6027114 39.8527008,32.6024276 39.8525029)",trunk,2019-05-14 00:03:10.455+00
29474481,29474482,569.500348043718,74,"LINESTRING(32.4480339 39.7559479,32.4419328 39.753891)",trunk,2019-05-14 00:03:10.581+00
112367752,3091171880,44.6690693883668,91,"LINESTRING(32.3585657 39.7255003,32.3590506 39.7256496)",trunk,2019-05-14 00:03:58.087+00
29431530,4755283202,181.39603329362,56,"LINESTRING(32.8324096 39.9160498,32.8345353 39.9161055)",primary,2019-05-13 23:24:54.531+00
662560927,27047856,95.567975759757,90,"LINESTRING(32.5999009 39.8505232,32.5991821 39.8498643)",trunk,2019-05-14 00:43:56.122+00
112365993,112366177,504.136861329811,86,"LINESTRING(32.2864432 39.7092754,32.2914132 39.7117121)",trunk,2019-05-14 00:23:15.268+00
2189830341,2985970611,121.480680266121,54,"LINESTRING(32.7977872 39.9090873,32.7991983 39.9092355)",trunk,2019-05-13 23:24:43.674+00
112361172,1421882224,83.7044803523116,70,"LINESTRING(32.1684254 39.5873324,32.1690786 39.5878921)",trunk,2019-05-13 22:53:53.53+00
2342959180,2342959159,104.431888166254,61,"LINESTRING(32.6540543 39.8783311,32.6531469 39.8777009)",trunk,2019-05-13 23:06:29.165+00
4754236193,164555551,77.0274724613109,46,"LINESTRING(32.8432651 39.9153055,32.8423827 39.9154532)",primary,2019-05-14 00:16:06.749+00
2389806691,309701983,169.653266032251,81,"LINESTRING(32.6892922 39.9009723,32.6908382 39.9019321)",trunk,2019-05-13 23:33:34.813+00
288253817,2389806685,159.213825965364,78,"LINESTRING(32.6907202 39.9020181,32.6892501 39.9011359)",trunk,2019-05-13 23:36:31.435+00
112374563,112374572,48.533480523785,79,"LINESTRING(32.6008715 39.8511522,32.6012712 39.8514626)",trunk,2019-05-13 22:58:12.99+00
288704314,29431552,199.864340407531,68,"LINESTRING(32.8068635 39.9110029,32.8046313 39.910456)",trunk,2019-05-13 23:35:26.051+00
2189274320,29474380,139.43229296561,92,"LINESTRING(32.6198861 39.8596937,32.6184189 39.8591424)",trunk,2019-05-14 00:32:18.042+00
1914126849,29474514,210.762552091677,70,"LINESTRING(32.1899001 39.6207756,32.188857 39.6190589)",trunk,2019-05-13 23:44:03.01+00
29474475,27047860,1595.12928416237,86,"LINESTRING(32.498001 39.7753633,32.4831172 39.7667077)",trunk,2019-05-13 23:42:57.609+00
5038990081,274900340,322.194706656654,82,"LINESTRING(32.6417824 39.8698365,32.6390345 39.8678496)",trunk,2019-05-13 23:28:14.514+00
112372181,112372226,201.672154698978,85,"LINESTRING(32.5386149 39.7994255,32.5403964 39.8006155)",trunk,2019-05-13 23:47:56.092+00
2351271815,112365346,300.495251106293,78,"LINESTRING(32.263408 39.6968965,32.2660231 39.6987005)",trunk,2019-05-13 23:03:05.466+00
2360960900,493137194,222.769739583421,20,"LINESTRING(32.6572727 39.8805663,32.655337 39.879222)",trunk,2019-05-13 22:57:30.001+00
112364873,2970273103,237.216596639497,80,"LINESTRING(32.2510697 39.6884204,32.2531377 39.6898412)",trunk,2019-05-14 00:04:14.5+00
112359808,2186060832,411.82078472711,57,"LINESTRING(32.1527689 39.5795715,32.1569736 39.5813644)",trunk,2019-05-13 23:07:11.106+00
29474777,3091128806,168.112107945086,38,"LINESTRING(32.1473193 39.5773821,32.1456155 39.576633)",trunk,2019-05-13 23:03:10.648+00
2971107461,112370053,322.291405074403,92,"LINESTRING(32.4556377 39.758355,32.4590898 39.7595205)",trunk,2019-05-13 23:29:36.597+00
112362830,112363019,719.053005737213,81,"LINESTRING(32.2023699 39.6373704,32.2069965 39.642767)",trunk,2019-05-13 23:27:06.567+00
1037720626,1037720459,18.2233984969495,70,"LINESTRING(32.161458 39.583361,32.1616409 39.5834446)",trunk,2019-05-13 22:53:30.576+00
4754239791,29431547,58.9526418118523,56,"LINESTRING(32.8342363 39.9162378,32.8335458 39.9162132)",primary,2019-05-06 13:18:17.095+00
2189674218,4754279538,6.32398988592241,52,"LINESTRING(32.8209306 39.9143043,32.8208598 39.9142874)",primary,2019-05-13 23:52:12.298+00
2389806709,2389806687,96.4689849670916,91,"LINESTRING(32.693152 39.9033518,32.6940625 39.9038664)",trunk,2019-05-13 23:31:03.778+00
1914093441,112371836,186.525055872963,101,"LINESTRING(32.5249183 39.7902851,32.5266284 39.7913278)",trunk,2019-05-06 13:18:26.233+00
29474514,1914126821,412.550114714641,82,"LINESTRING(32.188857 39.6190589,32.1868117 39.6156999)",trunk,2019-05-13 23:40:24.458+00
112371557,1914093310,570.429798806782,92,"LINESTRING(32.5151164 39.7846655,32.5204849 39.7877148)",trunk,2019-05-14 00:31:12.139+00
29474480,2971107460,660.004058693349,75,"LINESTRING(32.4619218 39.7605936,32.4548369 39.7582341)",trunk,2019-05-14 00:31:15.849+00
243775995,112374880,149.499684565262,87,"LINESTRING(32.619599 39.8594265,32.6211762 39.8600112)",trunk,2019-05-13 23:25:19.23+00
27046665,288241918,204.953658704684,83,"LINESTRING(32.7145073 39.9058659,32.7121066 39.9057888)",trunk,2019-05-13 23:20:53.449+00
27047877,29474516,247.722219787716,88,"LINESTRING(32.1686683 39.5877614,32.1665607 39.5862366)",trunk,2019-05-13 23:27:34.096+00
29431527,29451060,230.623947353753,38,"LINESTRING(32.8265316 39.9154075,32.829181 39.9158227)",primary,2019-05-13 23:27:39.084+00
27046657,2355905380,32.9520250460996,92,"LINESTRING(32.7635457 39.9078881,32.7631601 39.9078699)",trunk,2019-05-13 22:59:09.913+00
288704308,288704314,409.786048349078,87,"LINESTRING(32.8114487 39.9121038,32.8068635 39.9110029)",trunk,2019-05-13 23:04:16.088+00
29474308,29474307,510.319824851024,66,"LINESTRING(32.7467196 39.9070375,32.7526948 39.9072706)",trunk,2019-05-13 23:04:16.203+00
2341574950,149002866,494.853912388852,92,"LINESTRING(32.7953731 39.9091401,32.7895787 39.908916)",trunk,2019-05-13 23:04:16.922+00
818678211,276961615,97.6355580583141,76,"LINESTRING(32.816145 39.9131697,32.8150475 39.91292)",trunk,2019-05-13 23:04:20.903+00
3548377656,4813712988,61.0831635027956,64,"LINESTRING(32.6705721 39.8897581,32.670032 39.8893975)",trunk,2019-05-13 23:04:21.014+00
276961615,818678177,222.027702454593,64,"LINESTRING(32.8150475 39.91292,32.8125517 39.9123523)",trunk,2019-05-13 23:04:21.014+00
493137194,2189335636,6.62878216322816,61,"LINESTRING(32.655337 39.879222,32.6552794 39.879182)",trunk,2019-05-13 23:04:22.762+00
29474483,2005992836,458.738622204086,74,"LINESTRING(32.4309942 39.7502272,32.4261035 39.7485299)",trunk,2019-05-13 23:28:16.884+00
112362597,112362621,189.799524102888,84,"LINESTRING(32.1959897 39.6298455,32.1971898 39.6312805)",trunk,2019-05-13 23:28:18.307+00
2204798474,309903632,318.345147929095,105,"LINESTRING(32.5840397 39.8347179,32.5817709 39.8324461)",trunk,2019-05-13 23:28:24.643+00
112363877,112364092,755.888787413983,83,"LINESTRING(32.2232333 39.6616754,32.2281015 39.667347)",trunk,2019-05-13 23:05:34.031+00
164555462,4754236193,60.2038142513314,18,"LINESTRING(32.8439533 39.915185,32.8432651 39.9153055)",primary,2019-05-06 11:57:24.673+00
4755283202,276961400,89.3194956805965,69,"LINESTRING(32.8345353 39.9161055,32.8355826 39.9161084)",primary,2019-05-13 23:05:12.149+00
112361086,112361172,164.726320048384,71,"LINESTRING(32.1670251 39.5863175,32.1684254 39.5873324)",trunk,2019-05-13 23:08:21.32+00
164555561,4754236192,216.942435463349,50,"LINESTRING(32.8486566 39.914424,32.84617 39.914835)",primary,2019-05-14 00:44:02.321+00
2354783599,277130708,89.1234452700836,56,"LINESTRING(32.8403052 39.9157121,32.8413279 39.9155474)",primary,2019-05-14 00:17:41.978+00
112365522,112365564,168.653498277156,80,"LINESTRING(32.2698583 39.7010938,32.2714881 39.7019471)",trunk,2019-05-14 00:22:53.077+00
27047865,2204797204,989.098459558189,98,"LINESTRING(32.3706239 39.7296938,32.3600427 39.7261023)",trunk,2019-05-14 00:43:50.03+00
309701991,309701992,54.3350776728449,87,"LINESTRING(32.6965017 39.9047867,32.6971133 39.9049233)",trunk,2019-05-13 23:29:32.714+00
112373653,1499966819,38.7273459949081,76,"LINESTRING(32.5794032 39.8297571,32.5796892 39.8300274)",trunk,2019-05-14 00:22:54.965+00
112366177,112366227,145.937113662659,97,"LINESTRING(32.2914132 39.7117121,32.2928632 39.7124037)",trunk,2019-05-14 00:44:17.573+00
112370053,112370090,137.397531159645,93,"LINESTRING(32.4590898 39.7595205,32.4605664 39.7600087)",trunk,2019-05-13 23:29:37.41+00
309701988,2358235549,16.2099129703512,77,"LINESTRING(32.6952794 39.9043993,32.6954477 39.904467)",trunk,2019-05-13 23:29:39.98+00
1516644684,27047863,484.983876627759,83,"LINESTRING(32.4542158 39.7580272,32.4490099 39.7562933)",trunk,2019-05-13 23:59:07.444+00
29431548,27046633,218.072932409001,92,"LINESTRING(32.8265067 39.9154845,32.8240306 39.9149952)",primary,2019-05-14 00:06:39.091+00
29451062,29431527,217.794599539688,71,"LINESTRING(32.8240575 39.9149223,32.8265316 39.9154075)",primary,2019-05-13 23:44:08.025+00
2389806711,2486055361,136.745074113648,69,"LINESTRING(32.6735614 39.8913775,32.6748266 39.8921325)",trunk,2019-05-13 23:05:39.391+00
29474503,29474504,404.25469330061,76,"LINESTRING(32.2662184 39.6990739,32.2626735 39.6966702)",trunk,2019-05-13 22:38:02.652+00
288241819,29474314,41.0828842473694,48,"LINESTRING(32.7107431 39.9055556,32.7112239 39.9055774)",trunk,2019-05-14 00:32:14.716+00
27046659,27046661,955.583570101536,74,"LINESTRING(32.7563682 39.907592,32.7451815 39.9071262)",trunk,2019-05-14 00:32:16.981+00
29474484,1914127490,885.486433906699,87,"LINESTRING(32.421579 39.7469596,32.4120887 39.7437708)",trunk,2019-05-14 00:32:21.39+00
29474381,29474382,466.726315492962,82,"LINESTRING(32.6146048 39.8577135,32.6096856 39.855881)",trunk,2019-05-14 00:32:22.232+00
1499966799,112373653,615.02776378861,75,"LINESTRING(32.5750309 39.8253619,32.5794032 39.8297571)",trunk,2019-05-13 23:31:26.758+00
112368242,112368321,316.928639055923,80,"LINESTRING(32.3920833 39.7367937,32.3954765 39.7379405)",trunk,2019-05-14 00:44:24.225+00
1037719785,1037721738,241.050391715779,95,"LINESTRING(32.1793618 39.6035815,32.1781526 39.6016241)",trunk,2019-05-13 23:07:58.987+00
112372226,2381256502,119.015598989428,88,"LINESTRING(32.5403964 39.8006155,32.5414296 39.8013335)",trunk,2019-05-14 00:33:39.716+00
2389806673,2389806665,55.5932668760299,93,"LINESTRING(32.69436 39.9041499,32.6938089 39.903883)",trunk,2019-05-13 23:32:22.512+00
5038990085,164616883,120.547480785978,59,"LINESTRING(32.6428874 39.8706208,32.6418498 39.8698852)",trunk,2019-05-13 23:32:26.149+00
2389806701,2389806709,33.8209613986577,80,"LINESTRING(32.6928394 39.9031647,32.693152 39.9033518)",trunk,2019-05-13 23:42:55.84+00
29474515,1421882238,165.126561553791,91,"LINESTRING(32.1708012 39.5898803,32.1696623 39.5886824)",trunk,2019-05-13 23:17:08.112+00
2381256509,1995887124,631.443695046493,81,"LINESTRING(32.5989194 39.8496098,32.5943253 39.8451593)",trunk,2019-05-13 23:28:58.867+00
112366227,112366246,72.3054993861125,97,"LINESTRING(32.2928632 39.7124037,32.2936014 39.7127205)",trunk,2019-05-14 00:12:59.708+00
308856723,308856735,438.428347344199,66,"LINESTRING(32.6389233 39.8675717,32.6427233 39.870225)",trunk,2019-05-14 00:07:19.982+00
309677143,4420623586,56.1253754779938,62,"LINESTRING(32.8062032 39.9106759,32.8068309 39.9108274)",trunk,2019-05-13 23:32:50.127+00
308856735,4510939415,106.228635532797,49,"LINESTRING(32.6427233 39.870225,32.6436326 39.8708774)",trunk,2019-05-13 23:50:10.258+00
112370090,112370104,69.8189137715759,97,"LINESTRING(32.4605664 39.7600087,32.4613298 39.760232)",trunk,2019-05-13 23:31:25.585+00
2204797095,29474488,95.9546420595744,85,"LINESTRING(32.3529666 39.7243528,32.3518719 39.7241637)",trunk,2019-05-13 23:20:02.694+00
277130708,4755304977,186.112411135236,56,"LINESTRING(32.8413279 39.9155474,32.8434629 39.9152011)",primary,2019-05-14 00:17:46.177+00
112361327,112361479,126.777510430485,81,"LINESTRING(32.1710699 39.5899224,32.1718514 39.5908905)",trunk,2019-05-13 23:06:25.264+00
123588403,293950229,83.4047689084395,77,"LINESTRING(32.6990144 39.9052515,32.6980417 39.905175)",trunk,2019-05-13 23:04:17.287+00
2355882602,2341574950,74.3786216733407,57,"LINESTRING(32.7962437 39.9091784,32.7953731 39.9091401)",trunk,2019-05-13 23:06:30.523+00
29431547,143021815,99.4016963302748,53,"LINESTRING(32.8335458 39.9162132,32.8323809 39.9161839)",primary,2019-05-13 23:06:33.496+00
29474289,2360960881,819.115782621401,49,"LINESTRING(32.6655013 39.8863264,32.6584094 39.8813615)",trunk,2019-05-13 23:06:34.074+00
29474306,29474305,301.168845753046,75,"LINESTRING(32.7574676 39.9074469,32.7609941 39.9075818)",trunk,2019-05-13 23:33:37.285+00
2341574945,2840342495,195.861832926096,52,"LINESTRING(32.7951513 39.9089731,32.7974445 39.9090649)",trunk,2019-05-13 23:06:34.971+00
2189335621,4515097348,168.413807935025,61,"LINESTRING(32.6518725 39.8768158,32.6504092 39.8757995)",trunk,2019-05-13 22:52:20.231+00
112370188,112370483,998.631085064793,87,"LINESTRING(32.4653082 39.7612354,32.4764631 39.7639055)",trunk,2019-05-14 00:45:03.114+00
2186060549,112359808,224.327018269097,66,"LINESTRING(32.1504881 39.5785817,32.1527689 39.5795715)",trunk,2019-05-13 23:37:15.768+00
243776389,112358981,419.336488713028,45,"LINESTRING(32.1461125 39.5766459,32.1503553 39.5785241)",trunk,2019-05-13 23:36:32.446+00
4515097348,2189335607,127.438409643724,58,"LINESTRING(32.6504092 39.8757995,32.6493019 39.8750305)",trunk,2019-05-13 23:35:25.23+00
1914093310,112371723,119.514526811492,107,"LINESTRING(32.5204849 39.7877148,32.5216097 39.7883537)",trunk,2019-05-13 23:58:10.123+00
27047875,1037719785,986.587536685851,71,"LINESTRING(32.1843112 39.6115929,32.1793618 39.6035815)",trunk,2019-05-13 23:34:40.473+00
27047871,3439221834,52.4974063848312,63,"LINESTRING(32.2408433 39.6816205,32.240423 39.6812766)",trunk,2019-05-13 23:20:52.846+00
112371357,112371557,631.584409660884,97,"LINESTRING(32.5091732 39.7812887,32.5151164 39.7846655)",trunk,2019-05-13 23:18:17.87+00
112369745,112369861,441.917548266249,96,"LINESTRING(32.4481315 39.7558105,32.4528599 39.7574171)",trunk,2019-05-13 23:31:25.587+00
112366413,112366709,852.715084800011,96,"LINESTRING(32.2991215 39.7143487,32.3088148 39.7161405)",trunk,2019-05-13 22:56:26.691+00
112368890,112368919,187.564768141067,87,"LINESTRING(32.4129249 39.7438638,32.4149297 39.7445487)",trunk,2019-05-14 00:21:28.661+00
2204797568,112369745,242.934124738486,89,"LINESTRING(32.4455305 39.7549303,32.4481315 39.7558105)",trunk,2019-05-13 23:47:49.888+00
112365346,112365434,169.077983822298,93,"LINESTRING(32.2660231 39.6987005,32.2675081 39.6997038)",trunk,2019-05-13 23:01:55.22+00
3557134123,2486055393,72.5716630073134,77,"LINESTRING(32.6845387 39.8982676,32.683867 39.8978671)",trunk,2019-05-13 23:06:58.16+00
29285802,29285806,64.6885415572242,62,"LINESTRING(32.7857614 39.9085773,32.7865188 39.9086074)",trunk,2019-05-13 23:06:58.515+00
29474305,2313532932,165.547496803068,72,"LINESTRING(32.7609941 39.9075818,32.7629316 39.9076695)",trunk,2019-05-13 23:29:12.691+00
29289705,29431548,231.591729728443,75,"LINESTRING(32.8291633 39.9159159,32.8265067 39.9154845)",primary,2019-05-13 23:23:27.996+00
112373249,2356211495,10.8706046673476,91,"LINESTRING(32.5705414 39.8214771,32.5706336 39.8215445)",trunk,2019-05-14 00:28:19.369+00
123588065,123588128,128.444350985663,63,"LINESTRING(32.7045814 39.9055002,32.7030779 39.905436)",trunk,2019-05-13 23:35:24.167+00
143021815,143021804,148.647312505277,88,"LINESTRING(32.8323809 39.9161839,32.8306448 39.9160655)",primary,2019-05-13 23:35:24.283+00
27046640,2341574933,84.218834407727,61,"LINESTRING(32.7839073 39.9086528,32.7829213 39.9086126)",trunk,2019-05-13 23:35:25.108+00
2313532969,29474304,44.9027550009471,72,"LINESTRING(32.7638982 39.9077135,32.7644237 39.9077376)",trunk,2019-05-13 23:35:25.23+00
29431552,4420623571,161.840987050046,65,"LINESTRING(32.8046313 39.910456,32.8028071 39.9100554)",trunk,2019-05-13 23:35:26.05+00
149002866,2189830320,67.6767387951931,70,"LINESTRING(32.7895787 39.908916,32.7887902 39.9088481)",trunk,2019-05-13 23:35:26.534+00
4420623571,29431549,127.89909203918,57,"LINESTRING(32.8028071 39.9100554,32.8013553 39.9097675)",trunk,2019-05-13 23:07:53.717+00
29285152,27046645,158.221573784711,67,"LINESTRING(32.788349 39.9088294,32.7864958 39.9087665)",trunk,2019-05-13 23:07:54.097+00
27046645,393950525,64.3898044152648,58,"LINESTRING(32.7864958 39.9087665,32.7857416 39.9087413)",trunk,2019-05-13 23:07:55.044+00
288253805,2389806720,16.5850925932491,101,"LINESTRING(32.6953367 39.9045667,32.6951726 39.9044867)",trunk,2019-05-13 23:08:04.88+00
3439221753,3439221752,112.360773974557,85,"LINESTRING(32.2961945 39.7138158,32.2949904 39.7134119)",trunk,2019-05-13 23:08:05.118+00
112366389,112366413,73.0158488086613,97,"LINESTRING(32.2982981 39.7141755,32.2991215 39.7143487)",trunk,2019-05-14 00:28:22.596+00
3439221771,112366389,40.2522274209612,95,"LINESTRING(32.2978487 39.7140681,32.2982981 39.7141755)",trunk,2019-05-13 23:01:56.531+00
276961406,2354783623,45.7024475002714,44,"LINESTRING(32.8380307 39.9160006,32.8385638 39.9159588)",primary,2019-05-13 23:13:40.313+00
2378421843,309868104,101.881289442268,60,"LINESTRING(32.7679921 39.9078433,32.769184 39.9079032)",trunk,2019-05-13 22:50:04.686+00
27047867,3439221754,1196.51905606106,84,"LINESTRING(32.3114174 39.7167857,32.2978522 39.7141578)",trunk,2019-05-13 23:45:55.124+00
112372888,112372936,174.314850450861,87,"LINESTRING(32.5598698 39.8141255,32.5613715 39.8151871)",trunk,2019-05-14 00:21:11.717+00
112363575,112363734,392.456708247006,74,"LINESTRING(32.2175197 39.6550237,32.2200497 39.657967)",trunk,2019-05-06 12:45:03.763+00
2341629263,29474312,334.203556077779,80,"LINESTRING(32.7214453 39.9059533,32.7253584 39.906105)",trunk,2019-05-13 22:56:24.707+00
27047858,2356120923,152.191231454582,74,"LINESTRING(32.5618043 39.8158813,32.5604856 39.8149608)",trunk,2019-05-14 00:02:11.944+00
29474396,493138412,241.68796956416,86,"LINESTRING(32.6342332 39.8650595,32.6317127 39.8640688)",trunk,2019-05-14 00:16:39.107+00
29285800,2840186012,28.106953691975,43,"LINESTRING(32.7831308 39.9084809,32.7834596 39.9084977)",trunk,2019-05-13 23:35:54.335+00
205005049,308856751,74.9692884616499,64,"LINESTRING(32.6647558 39.8855454,32.6654101 39.8859954)",trunk,2019-05-13 23:35:54.041+00
1914127277,112367659,63.172634180001,88,"LINESTRING(32.3530911 39.7241889,32.3538097 39.7243204)",trunk,2019-05-14 00:03:57.991+00
29474485,3723941728,211.055235575218,96,"LINESTRING(32.4104959 39.7432356,32.4082417 39.7424621)",trunk,2019-05-13 23:56:51.435+00
274900340,243776164,278.303246609661,82,"LINESTRING(32.6390345 39.8678496,32.6365452 39.8662329)",trunk,2019-05-13 23:33:01.117+00
308856739,493119317,71.1908927898981,50,"LINESTRING(32.6446433 39.8716117,32.6452839 39.8720218)",trunk,2019-05-13 23:50:06.044+00
2351592358,112365259,228.52920539659,76,"LINESTRING(32.2611256 39.6953336,32.2631164 39.6967038)",trunk,2019-05-14 00:09:09.062+00
112374465,112374512,302.253456674338,74,"LINESTRING(32.5958715 39.8463004,32.5980265 39.8484571)",trunk,2019-05-14 00:09:11.17+00
2204797102,2204797095,57.5339696828688,85,"LINESTRING(32.3536195 39.7244775,32.3529666 39.7243528)",trunk,2019-05-13 23:36:28.255+00
2204797204,29474487,182.780388982334,78,"LINESTRING(32.3600427 39.7261023,32.3580439 39.7255203)",trunk,2019-05-13 23:36:31.948+00
1037721738,27047876,1215.71071406611,76,"LINESTRING(32.1781526 39.6016241,32.1721931 39.5917021)",trunk,2019-05-13 23:36:32.443+00
112373282,112373311,130.810301578107,84,"LINESTRING(32.5716381 39.8222787,32.5726947 39.8231304)",trunk,2019-05-13 23:36:32.799+00
112361501,112361729,1136.93575817277,74,"LINESTRING(32.1723471 39.5916347,32.1779808 39.6008921)",trunk,2019-05-13 23:36:35.047+00
112362557,112362597,187.208587253644,91,"LINESTRING(32.1948899 39.6283905,32.1959897 39.6298455)",trunk,2019-05-14 00:35:51.52+00
29474476,29474475,88.42253461589,69,"LINESTRING(32.4988376 39.7758312,32.498001 39.7753633)",trunk,2019-05-14 00:35:54.403+00
2358235512,2389806691,20.7514490770956,74,"LINESTRING(32.6891031 39.9008549,32.6892922 39.9009723)",trunk,2019-05-14 00:35:54.883+00
112365564,112365605,169.092103590207,77,"LINESTRING(32.2714881 39.7019471,32.2731498 39.7027705)",trunk,2019-05-14 00:22:52.836+00
112366318,112366337,72.5659827137651,97,"LINESTRING(32.2958966 39.7135338,32.2966881 39.7137687)",trunk,2019-05-13 23:27:05.672+00
2455029362,3548377656,453.279619153622,70,"LINESTRING(32.6747175 39.8923078,32.6705721 39.8897581)",trunk,2019-05-13 23:37:14.82+00
243775864,308856718,104.233916805909,98,"LINESTRING(32.6350091 39.8652474,32.6360305 39.8657613)",trunk,2019-05-13 23:37:14.821+00
3439221834,29474505,199.192686948772,78,"LINESTRING(32.240423 39.6812766,32.2388283 39.6799717)",trunk,2019-05-13 23:37:25.188+00
29474464,29474465,77.6799858929489,92,"LINESTRING(32.5701902 39.8214834,32.5695253 39.8210067)",trunk,2019-05-14 00:36:00.178+00
29474307,148985942,314.889983179897,63,"LINESTRING(32.7526948 39.9072706,32.7563827 39.9073997)",trunk,2019-05-13 23:29:12.462+00
4813712988,112102295,502.588378627035,69,"LINESTRING(32.670032 39.8893975,32.665617 39.8864053)",trunk,2019-05-13 23:08:27.044+00
4942039498,112365462,68.406078380703,87,"LINESTRING(32.2676557 39.699796,32.2682764 39.7001838)",trunk,2019-05-14 00:22:31.566+00
2351271936,29474503,263.948820406017,111,"LINESTRING(32.2686022 39.7005808,32.2662184 39.6990739)",trunk,2019-05-13 23:59:07.259+00
1865491367,1054357410,11.461347769107,36,"LINESTRING(32.150287 39.5786995,32.1501702 39.5786493)",trunk,2019-05-06 11:22:20.504+00
2389806696,2389806676,80.1892113036674,91,"LINESTRING(32.6933046 39.9036036,32.6925897 39.9031353)",trunk,2019-05-13 22:50:14.206+00
2342959159,2189335624,60.9981426360266,62,"LINESTRING(32.6531469 39.8777009,32.6526169 39.8773328)",trunk,2019-05-13 23:07:53.417+00
27046672,2360960874,9.87521867745173,37,"LINESTRING(32.6580498 39.881106,32.657964 39.8810464)",trunk,2019-05-13 22:56:27.831+00
2351592357,2351592358,89.5014743549703,88,"LINESTRING(32.2603459 39.694797,32.2611256 39.6953336)",trunk,2019-05-13 23:25:17.226+00
112368919,112369129,895.415984332499,79,"LINESTRING(32.4149297 39.7445487,32.4245081 39.7478055)",trunk,2019-05-13 23:09:20.902+00
449553811,2360960900,40.9949856635095,43,"LINESTRING(32.6576289 39.8808137,32.6572727 39.8805663)",trunk,2019-05-13 23:52:57.132+00
4087676575,29474517,91.5090415282775,92,"LINESTRING(32.2813907 39.7070026,32.2804978 39.7065494)",trunk,2019-05-14 00:41:26.864+00
1421882224,112361239,118.830320362793,76,"LINESTRING(32.1690786 39.5878921,32.1699745 39.5887078)",trunk,2019-05-13 23:09:18.283+00
1914127395,29474486,218.148248105256,89,"LINESTRING(32.4029501 39.7406888,32.4006139 39.7399003)",trunk,2019-05-13 23:22:43.039+00
112364589,112364631,169.007981798578,75,"LINESTRING(32.2406648 39.6811705,32.2421032 39.682212)",trunk,2019-05-14 00:07:29.09+00
112372936,2356121080,289.479806752708,91,"LINESTRING(32.5613715 39.8151871,32.5639012 39.8169197)",trunk,2019-05-14 00:38:34.166+00
29474499,4087676575,54.6083420017336,87,"LINESTRING(32.2819235 39.7072731,32.2813907 39.7070026)",trunk,2019-05-14 00:37:06.331+00
308856720,2189274505,122.698165478684,87,"LINESTRING(32.6375017 39.8666333,32.6385917 39.8673528)",trunk,2019-05-13 23:22:34.861+00
309868104,29474302,548.764185273356,51,"LINESTRING(32.769184 39.9079032,32.7756086 39.9081659)",trunk,2019-05-13 23:10:17.07+00
27047862,29474479,567.150560101704,82,"LINESTRING(32.4760502 39.7640009,32.4697122 39.7624913)",trunk,2019-05-13 23:28:46.012+00
1499966772,29474464,21.7570524908203,94,"LINESTRING(32.5703902 39.8216046,32.5701902 39.8214834)",trunk,2019-05-14 00:32:13.107+00
143021804,29289705,127.440181871309,52,"LINESTRING(32.8306448 39.9160655,32.8291633 39.9159159)",primary,2019-05-13 23:07:53.718+00
112371125,112371284,656.797925919413,78,"LINESTRING(32.4993849 39.7757154,32.5055615 39.7792305)",trunk,2019-05-14 00:13:24.134+00
2355905380,27046658,34.9169508162395,68,"LINESTRING(32.7631601 39.9078699,32.7627515 39.9078507)",trunk,2019-05-13 23:25:20.171+00
2471614594,2389806677,40.970972504431,84,"LINESTRING(32.6827072 39.89697,32.6830855 39.897197)",trunk,2019-05-13 22:41:17.762+00
205004957,205005044,100.747670231157,90,"LINESTRING(32.6267176 39.862066,32.6277744 39.8624696)",trunk,2019-05-14 00:22:53.546+00
114345962,2341574930,16.8668184386475,53,"LINESTRING(32.78156 39.9085493,32.7813625 39.9085417)",trunk,2019-05-13 23:12:33.324+00
4755276057,2271280445,67.9335416054615,50,"LINESTRING(32.8306179 39.9159554,32.8314115 39.9160079)",primary,2019-05-13 23:12:33.929+00
29474399,27046657,16.8749445993202,83,"LINESTRING(32.7637433 39.9078956,32.7635457 39.9078881)",trunk,2019-05-13 22:59:08.929+00
2985970611,29431511,176.108456509673,58,"LINESTRING(32.7991983 39.9092355,32.8012157 39.9095727)",trunk,2019-05-13 23:13:18.604+00
112374548,112374563,134.78549494277,88,"LINESTRING(32.5998514 39.850227,32.6008715 39.8511522)",trunk,2019-05-13 23:03:05.589+00
112374743,112374846,662.964471000057,103,"LINESTRING(32.6107531 39.8561651,32.617759 39.8587389)",trunk,2019-05-14 00:21:23.515+00
2189335578,5907074434,7.99956993259422,50,"LINESTRING(32.6437172 39.8711622,32.6436468 39.8711147)",trunk,2019-05-13 22:58:11.72+00
112370592,112370629,72.7021567352194,100,"LINESTRING(32.4810715 39.7654571,32.4818032 39.7657905)",trunk,2019-05-13 23:56:07.958+00
3723941728,3723941727,30.9544399376652,96,"LINESTRING(32.4082417 39.7424621,32.4079102 39.7423502)",trunk,2019-05-14 00:00:10.258+00
112369200,112369370,604.502358352965,85,"LINESTRING(32.4277814 39.7489155,32.4342532 39.7511055)",trunk,2019-05-14 00:44:23.865+00
27047873,1914126989,77.7438324311141,50,"LINESTRING(32.2160842 39.6537584,32.2155851 39.6531743)",trunk,2019-04-22 10:19:13.455+00
29474505,27047872,250.846814427591,54,"LINESTRING(32.2388283 39.6799717,32.2370568 39.6781744)",trunk,2019-05-14 00:11:23.225+00
29474473,29474472,92.6966732204138,83,"LINESTRING(32.505093 39.7793292,32.5042159 39.7788387)",trunk,2019-05-14 00:12:04.733+00
112366294,112366318,71.8309980130552,97,"LINESTRING(32.2951232 39.7132821,32.2958966 39.7135338)",trunk,2019-05-14 00:12:18.102+00
1914126821,27047875,504.414480385109,73,"LINESTRING(32.1868117 39.6156999,32.1843112 39.6115929)",trunk,2019-05-13 23:22:36.227+00
29474493,29474494,102.823873682373,83,"LINESTRING(32.3205993 39.7184479,32.3194381 39.7182085)",trunk,2019-05-14 00:19:29.229+00
29474486,1914127352,888.901263818208,78,"LINESTRING(32.4006139 39.7399003,32.3911151 39.7366519)",trunk,2019-05-13 22:41:58.85+00
112361877,112362106,780.959310615341,78,"LINESTRING(32.1793801 39.6032689,32.1834097 39.6095688)",trunk,2019-05-14 00:06:33.764+00
112363264,1914126886,150.289290304128,82,"LINESTRING(32.2116998 39.6482455,32.2126678 39.649373)",trunk,2019-05-14 00:35:54.529+00
29474510,29474511,1221.0031000283,67,"LINESTRING(32.2088317 39.6452699,32.2009596 39.6361141)",trunk,2019-05-13 23:13:43.383+00
2204797074,29474490,77.1829454886084,78,"LINESTRING(32.3455086 39.7229987,32.344631 39.7228369)",trunk,2019-05-13 23:13:45.432+00
1037719978,1037722535,123.189880084095,63,"LINESTRING(32.161523 39.5836796,32.1603029 39.5830938)",trunk,2019-05-13 23:14:46.771+00
226169218,4790795163,29.381444046842,80,"LINESTRING(32.7075881 39.905418,32.707932 39.905433)",trunk,2019-05-13 23:32:32.511+00
27047855,2381256507,68.81190666914,91,"LINESTRING(32.6045252 39.8537738,32.6038588 39.8534256)",trunk,2019-05-14 00:00:09.445+00
2381256507,2381256500,126.841769588273,91,"LINESTRING(32.6038588 39.8534256,32.6027114 39.8527008)",trunk,2019-05-14 00:12:09.712+00
2389806702,309701988,54.4667024375858,81,"LINESTRING(32.6947164 39.9041682,32.6952794 39.9043993)",trunk,2019-05-13 23:28:13.795+00
29474516,1421882183,175.163956564728,96,"LINESTRING(32.1665607 39.5862366,32.1649646 39.5852525)",trunk,2019-05-13 23:17:18.667+00
1914127402,3723941725,290.046012680758,88,"LINESTRING(32.4049261 39.7411194,32.4080117 39.7422032)",trunk,2019-05-14 00:00:49.222+00
2360960899,2389806692,329.040535009791,88,"LINESTRING(32.6786805 39.8946861,32.6756453 39.8928603)",trunk,2019-05-13 23:52:09.548+00
393950525,2840173808,48.7049144968114,60,"LINESTRING(32.7857416 39.9087413,32.7851719 39.9087115)",trunk,2019-05-13 23:07:53.553+00
112364507,112364551,85.5611311640297,76,"LINESTRING(32.2386664 39.6794705,32.2393082 39.6800605)",trunk,2019-05-14 00:22:24.716+00
404730047,2354679469,35.0175836072338,78,"LINESTRING(32.8216907 39.9144769,32.8212955 39.9143915)",primary,2019-05-14 00:02:03.107+00
112102303,309701982,46.7584422637127,57,"LINESTRING(32.665669 39.8861838,32.6660767 39.8864648)",trunk,2019-05-13 23:05:20.228+00
112367690,112367733,141.781685795247,88,"LINESTRING(32.3553383 39.724637,32.3569214 39.7250155)",trunk,2019-05-14 00:02:30.876+00
4218662729,4420623583,99.3623431540991,74,"LINESTRING(32.798428 39.909347,32.797271 39.9092428)",trunk,2019-05-14 00:28:24.337+00
293950236,288253805,38.7959264138848,83,"LINESTRING(32.6957533 39.9047067,32.6953367 39.9045667)",trunk,2019-05-13 23:24:43.676+00
1037722535,2186060849,339.199058035152,76,"LINESTRING(32.1603029 39.5830938,32.1569002 39.5815356)",trunk,2019-05-13 23:15:51.853+00
662560924,662560925,110.939334527374,88,"LINESTRING(32.6024276 39.8525029,32.6014603 39.8518366)",trunk,2019-05-14 00:00:44.095+00
4755276052,29451062,186.040003219618,55,"LINESTRING(32.8219816 39.9144084,32.8240575 39.9149223)",primary,2019-05-13 23:16:29.309+00
29431517,818678129,150.203697121777,43,"LINESTRING(32.8109103 39.9118018,32.8125962 39.9121923)",trunk,2019-05-14 00:44:56.106+00
112370644,112370662,73.4902351798691,86,"LINESTRING(32.4825181 39.7661487,32.4832215 39.7665288)",trunk,2019-05-13 23:56:13.667+00
2189698812,60535532,51.1894003982676,60,"LINESTRING(32.7804126 39.9085054,32.7798132 39.9084824)",trunk,2019-05-13 23:17:41.403+00
2341574933,114345962,116.324286264007,66,"LINESTRING(32.7829213 39.9086126,32.78156 39.9085493)",trunk,2019-05-13 23:17:42.356+00
29474302,2360907296,614.071849780936,67,"LINESTRING(32.7756086 39.9081659,32.7827976 39.9084629)",trunk,2019-05-13 23:08:06.435+00
29431549,100035225,105.162753982697,62,"LINESTRING(32.8013553 39.9097675,32.80015 39.9095683)",trunk,2019-05-13 22:55:18.32+00
4633592239,4633586422,54.1109591197237,43,"LINESTRING(32.80955 39.9114785,32.8101565 39.9116213)",trunk,2019-05-14 00:27:08.478+00
29474470,27047859,840.309297874981,87,"LINESTRING(32.5183751 39.7867483,32.5104045 39.7823219)",trunk,2019-05-14 00:41:25.929+00
150546718,2189830516,39.9417316021101,42,"LINESTRING(32.8177283 39.9133702,32.818176 39.9134756)",primary,2019-05-14 00:24:23.582+00
112369861,2971107461,259.343996419861,98,"LINESTRING(32.4528599 39.7574171,32.4556377 39.758355)",trunk,2019-05-13 23:29:16.046+00
493138684,205005040,142.522475998408,92,"LINESTRING(32.6297139 39.8633162,32.6282113 39.8627571)",trunk,2019-05-14 00:16:03.865+00
2204798520,112374346,666.331531138926,86,"LINESTRING(32.5873453 39.8378011,32.5920531 39.8425805)",trunk,2019-05-14 00:21:07.454+00
288241918,226169219,120.909302856506,89,"LINESTRING(32.7121066 39.9057888,32.7106913 39.9057283)",trunk,2019-05-13 23:37:24.118+00
226478511,29474310,213.095916440723,80,"LINESTRING(32.7351079 39.9065111,32.7376001 39.9066448)",trunk,2019-05-13 23:50:56.043+00
1914093302,29474470,62.1632152362668,74,"LINESTRING(32.5189505 39.7870904,32.5183751 39.7867483)",trunk,2019-05-14 00:39:25.373+00
4633586422,308856792,51.5489051861389,43,"LINESTRING(32.8101565 39.9116213,32.8107343 39.9117573)",trunk,2019-05-14 00:26:23.599+00
29474311,226478511,294.885601874068,75,"LINESTRING(32.7316526 39.906424,32.7351079 39.9065111)",trunk,2019-05-13 23:02:30.546+00
2840163765,27046640,17.8676044745403,63,"LINESTRING(32.7841164 39.9086625,32.7839073 39.9086528)",trunk,2019-05-13 23:35:26.049+00
4790795163,288241819,240.16884897531,67,"LINESTRING(32.707932 39.905433,32.7107431 39.9055556)",trunk,2019-05-13 23:45:46.581+00
309701995,226169218,716.675095936681,76,"LINESTRING(32.6991933 39.9051517,32.7075881 39.905418)",trunk,2019-05-13 23:48:27.26+00
29431511,2355882612,155.681144433938,38,"LINESTRING(32.8012157 39.9095727,32.8029852 39.9099161)",trunk,2019-05-14 00:29:56.431+00
308857383,308856739,55.3497631039425,61,"LINESTRING(32.6441788 39.8712643,32.6446433 39.8716117)",trunk,2019-05-14 00:38:47.462+00
1914127281,112367690,97.4534873858081,94,"LINESTRING(32.354238 39.7244091,32.3553383 39.724637)",trunk,2019-05-14 00:03:57.868+00
27047878,1037720681,61.6336743155318,96,"LINESTRING(32.1638095 39.5846564,32.1631676 39.5844064)",trunk,2019-05-14 00:39:28.815+00
29474490,2970275057,1056.18790939389,85,"LINESTRING(32.344631 39.7228369,32.332623 39.7206194)",trunk,2019-05-14 00:39:29.419+00
112364342,112364447,437.980117718757,75,"LINESTRING(32.2340597 39.6742787,32.2368832 39.6775638)",trunk,2019-05-14 00:22:21.248+00
1995887128,662560927,110.38914514429,88,"LINESTRING(32.6007249 39.8512883,32.5999009 39.8505232)",trunk,2019-05-14 00:00:44.568+00
2189335624,2189335621,85.6734091774808,61,"LINESTRING(32.6526169 39.8773328,32.6518725 39.8768158)",trunk,2019-05-13 23:35:27.026+00
2389806685,2358235514,26.9993982777928,92,"LINESTRING(32.6892501 39.9011359,32.6890008 39.9009863)",trunk,2019-05-13 23:28:26.814+00
2360960876,2360960899,153.738666056261,88,"LINESTRING(32.6800966 39.8955412,32.6786805 39.8946861)",trunk,2019-05-13 22:52:54.021+00
112364092,112364342,924.200786312336,80,"LINESTRING(32.2281015 39.667347,32.2340597 39.6742787)",trunk,2019-05-13 23:20:32.581+00
112374346,112374465,526.654240188571,97,"LINESTRING(32.5920531 39.8425805,32.5958715 39.8463004)",trunk,2019-05-14 00:28:44.666+00
29474461,29474462,94.0699926893702,86,"LINESTRING(32.5787409 39.8294345,32.5780437 39.8287795)",trunk,2019-05-13 23:05:21.966+00
308856718,308856719,77.7375689751703,88,"LINESTRING(32.6360305 39.8657613,32.636755 39.866185)",trunk,2019-05-13 23:08:20.062+00
112369129,112369200,305.855778182167,96,"LINESTRING(32.4245081 39.7478055,32.4277814 39.7489155)",trunk,2019-05-13 23:33:34.821+00
112362290,112362355,544.911873823494,91,"LINESTRING(32.1872532 39.6159055,32.1899414 39.620347)",trunk,2019-05-14 00:28:25.516+00
493138412,27046673,65.5221673154363,84,"LINESTRING(32.6317127 39.8640688,32.6310265 39.8638046)",trunk,2019-05-14 00:43:06.118+00
309903619,1037719978,89.190035013739,68,"LINESTRING(32.1624028 39.5841081,32.161523 39.5836796)",trunk,2019-05-13 23:17:14.23+00
1037720681,1037720261,45.6843766557456,96,"LINESTRING(32.1631676 39.5844064,32.1626799 39.5842405)",trunk,2019-05-13 23:15:03.311+00
2971107460,1516644684,57.8627456172548,87,"LINESTRING(32.4548369 39.7582341,32.4542158 39.7580272)",trunk,2019-05-13 23:56:05.225+00
1054357410,2186093034,272.464994864021,56,"LINESTRING(32.1501702 39.5786493,32.1474162 39.5774252)",trunk,2019-05-13 23:38:31.201+00
112363133,112363264,415.730142553451,90,"LINESTRING(32.2090181 39.6451287,32.2116998 39.6482455)",trunk,2019-05-13 23:15:51.553+00
112366337,112366361,72.4309128931275,94,"LINESTRING(32.2966881 39.7137687,32.2974882 39.713982)",trunk,2019-05-13 23:45:44.101+00
29474511,27047874,719.75929903996,93,"LINESTRING(32.2009596 39.6361141,32.1963181 39.6307177)",trunk,2019-05-14 00:39:26.888+00
3439221827,27047871,383.08724622972,54,"LINESTRING(32.2441759 39.6839208,32.2408433 39.6816205)",trunk,2019-05-13 23:06:36.287+00
2410112725,29474468,314.282118676596,67,"LINESTRING(32.547894 39.8061519,32.5451709 39.8042513)",trunk,2019-05-13 23:55:41.105+00
1914127326,4150757722,875.74273555535,104,"LINESTRING(32.383744 39.7341552,32.3743777 39.7309703)",trunk,2019-05-14 00:13:35.888+00
2351271985,112365522,88.9337203523508,88,"LINESTRING(32.2690211 39.7006197,32.2698583 39.7010938)",trunk,2019-05-14 00:28:39.408+00
112370515,112370528,71.4934179248786,88,"LINESTRING(32.4772597 39.7641104,32.4780432 39.7643355)",trunk,2019-05-13 23:58:58.519+00
112363019,112363133,314.524511723025,91,"LINESTRING(32.2069965 39.642767,32.2090181 39.6451287)",trunk,2019-04-30 12:24:53.842+00
112366361,3439221771,32.2878129427814,84,"LINESTRING(32.2974882 39.713982,32.2978487 39.7140681)",trunk,2019-05-13 23:57:14.573+00
2970275057,29474491,124.278710506826,79,"LINESTRING(32.332623 39.7206194,32.3312101 39.7203584)",trunk,2019-05-13 23:39:52.422+00
112371852,112371998,571.757105997411,82,"LINESTRING(32.5274652 39.7918845,32.5325148 39.7952588)",trunk,2019-05-14 00:02:02.864+00
27047870,1696109062,581.745646780886,90,"LINESTRING(32.2581155 39.6935416,32.2530507 39.6900513)",trunk,2019-05-13 23:05:45.729+00
2342959133,2342959172,256.47279287372,64,"LINESTRING(32.6519132 39.8766415,32.6541433 39.8781878)",trunk,2019-05-13 22:41:58.849+00
2341574939,2840342490,60.1785586039128,64,"LINESTRING(32.7898459 39.9087451,32.7905489 39.908791)",trunk,2019-05-13 23:22:34.009+00
308843810,308843811,112.355510166815,57,"LINESTRING(32.1439933 39.575895,32.1428217 39.5754417)",trunk,2019-05-06 12:50:59.71+00
1421882183,27047878,119.130087409608,75,"LINESTRING(32.1649646 39.5852525,32.1638095 39.5846564)",trunk,2019-05-13 23:14:36.302+00
29474482,29474483,1020.01834546135,82,"LINESTRING(32.4419328 39.753891,32.4309942 39.7502272)",trunk,2019-05-14 00:00:52.389+00
112365434,4942039498,16.2655156391552,87,"LINESTRING(32.2675081 39.6997038,32.2676557 39.699796)",trunk,2019-05-14 00:09:54.932+00
112372550,112372638,259.745315840181,86,"LINESTRING(32.5504147 39.8075621,32.5526465 39.8091487)",trunk,2019-05-13 23:04:23.616+00
112367659,1914127281,37.9342391003375,88,"LINESTRING(32.3538097 39.7243204,32.354238 39.7244091)",trunk,2019-05-14 00:03:58.099+00
112367733,112367752,150.602533666373,88,"LINESTRING(32.3569214 39.7250155,32.3585657 39.7255003)",trunk,2019-05-14 00:03:58.088+00
4150757722,27047865,350.990170980083,75,"LINESTRING(32.3743777 39.7309703,32.3706239 39.7296938)",trunk,2019-05-14 00:13:33.716+00
112102295,29474289,13.2068964980286,58,"LINESTRING(32.665617 39.8864053,32.6655013 39.8863264)",trunk,2019-05-13 22:50:05.971+00
1421882238,27047877,133.203549276594,96,"LINESTRING(32.1696623 39.5886824,32.1686683 39.5877614)",trunk,2019-05-13 23:15:07.537+00
112362621,112362830,809.526527328011,93,"LINESTRING(32.1971898 39.6312805,32.2023699 39.6373704)",trunk,2019-05-13 23:14:45.517+00
1914126885,29474510,539.329847597425,72,"LINESTRING(32.2122937 39.649322,32.2088317 39.6452699)",trunk,2019-05-13 23:23:39.633+00
